Menu,Menubar,MENUITEM2,Page,Display only,Actions,7
EVALUATE_APPLICANTS,INQUIRE,ACADEMIC_TEST_SUMMARY,ACADEMIC_TEST_SUMMARY,0,2,2
EVALUATE_APPLICANTS,INQUIRE,ADM_EVAL_CMP_SUM,COMMITTEE_RESULTS,0,2,2
EVALUATE_APPLICANTS,INQUIRE,ADM_EVAL_CMP_SUM,EVALUATOR_RESULTS,0,2,2
EVALUATE_APPLICANTS,INQUIRE,ADM_EVAL_CMP_SUM,OVERALL_RESULTS,0,2,2
EVALUATE_APPLICANTS,INQUIRE,ADM_EVAL_CMP_SUM,EVALUATOR_DETAIL,0,2,2
EVALUATE_APPLICANTS,INQUIRE,APPLICATION_SUMMARY,APPLICATION_SUMMARY,0,2,2
EVALUATE_APPLICANTS,INQUIRE,APPL_SUMMARY,APPL_SUMM_SUMMARY,0,2,2
EVALUATE_APPLICANTS,INQUIRE,APPL_SUMMARY,APPL_CRSE_SUMMARY,0,2,2
EVALUATE_APPLICANTS,INQUIRE,APPL_SUMMARY,APPL_MATL_SUMMARY,0,2,2
EVALUATE_APPLICANTS,INQUIRE,APPL_SUMMARY,APPL_TEST_SUMMARY,0,2,2
EVALUATE_APPLICANTS,INQUIRE,APPL_SUMMARY,APPL_SUBJ_SUMMARY,0,2,2
EVALUATE_APPLICANTS,INQUIRE,APPL_SUMMARY,APPL_TRNS_SUMMARY,0,2,2
EVALUATE_APPLICANTS,INQUIRE,CHECKLIST_SUMMARY,CHECKLIST_SUMMARY,0,2,2
EVALUATE_APPLICANTS,INQUIRE,CHECKLIST_SUMMARY,OPERATOR_3C_GROUPS_SUM,0,2,2
EVALUATE_APPLICANTS,INQUIRE,COMMENT_SUMMARY,OPERATOR_3C_GROUPS_SUM,0,2,2
EVALUATE_APPLICANTS,INQUIRE,COMMENT_SUMMARY,COMMENT_SUMMARY,0,2,2
EVALUATE_APPLICANTS,INQUIRE,COMMUNICATION_SUMMARY,OPERATOR_3C_GROUPS_SUM,0,2,2
EVALUATE_APPLICANTS,INQUIRE,COMMUNICATION_SUMMARY,COMMUNICATION_SUMMARY,0,2,2
EVALUATE_APPLICANTS,INQUIRE,EDUCATION_SUMMARY,EXTERNAL_ACADEMIC_SUMMARY,0,2,2
EVALUATE_APPLICANTS,INQUIRE,EDUCATION_SUMMARY,EXTERNAL_COURSE_SUMMARY,0,2,2
EVALUATE_APPLICANTS,INQUIRE,EDUCATION_SUMMARY,EXTERNAL_DEGREE_SUMMARY,0,2,2
EVALUATE_APPLICANTS,INQUIRE,EDUCATION_SUMMARY,EXTERNAL_SUBJECT_SUMMARY,0,2,2
EVALUATE_APPLICANTS,INQUIRE,GENERAL_MATERIAL_SUMMARY,GENERAL_MATERIAL_SUMMARY,0,2,2
PROCESS_APPLICATIONS,USE,EDUCATION,SAD_EXT_EDUCATION2,0,2,2
PROCESS_APPLICATIONS,USE,EDUCATION,SAD_EXT_EDUCATION,0,2,2
PROCESS_APPLICATIONS,USE,EDUCATION,SAD_EXT_EDUC_REG,0,2,2
PROCESS_APPLICATIONS,USE,EDUCATION,SAD_EXT_EDUC_TRCR,0,2,2
PROCESS_APPLICATIONS,USE,ELECTRONIC_ADDRESSES,E_ADDR_PERS,0,2,2
PROCESS_APPLICATIONS,USE,SCC_LANGUAGES_PERS,SCC_LANGUAGES,0,2,2
PROCESS_APPLICATIONS,USE,TEST_RESULTS,TEST_RESULTS,0,2,2
PROCESS_APPLICATIONS,USE,WORK_EXPERIENCE,WORK_EXPERIENCE,0,2,2
DEFINE_STUDENT_RECORDS,SETUP,EXAM_CODE,EXAM_CODE,0,2,2
DEFINE_STUDENT_RECORDS,SETUP,SSR_CLSRCH_CONFIG,SSR_CLSDTL_CONFIG,0,2,2
DEFINE_STUDENT_RECORDS,SETUP,SSR_CLSRCH_CONFIG,SSR_CLSRSLT_CONFIG,0,2,2
DEFINE_STUDENT_RECORDS,SETUP,SSR_CLSRCH_CONFIG,SSR_CLSRCH_CONFIG,0,2,2
ESTABLISH_COURSES,USE,CLASS_ASSOCIATIONS,CLASS_ASSOCIATIONS,0,2,2
ESTABLISH_COURSES,USE,CLASS_ASSOCIATIONS,CLASS_ASSOC_CMPNT,0,2,2
ESTABLISH_COURSES,USE,CLASS_ASSOCIATIONS,CLASS_ASSOCIATION_REQUISITES,0,2,2
ESTABLISH_COURSES,USE,CLASS_ASSOCIATIONS,RQS_CAT_WRK,0,2,2
ESTABLISH_COURSES,USE,CLASS_SECTIONS,CLASS_CONTROL,0,2,2
ESTABLISH_COURSES,USE,CLASS_SECTIONS,CLASS_CONTROL_WRK,0,2,2
ESTABLISH_COURSES,USE,COURSE_EVENT_TABLE,COURSE_EVENT_TABLE,0,2,2
ESTABLISH_COURSES,USE,DYNAMIC_CLASS_DATES,DYN_CLASS_MTG_PAT,0,2,2
ESTABLISH_COURSES,USE,DYNAMIC_CLASS_DATES,DYN_CLASS_DATA1,0,2,2
ESTABLISH_COURSES,USE,DYNAMIC_CLASS_DATES,DYN_CLASS_DATA_MSG,0,2,2
ESTABLISH_COURSES,USE,INSTRUCTOR_SCHEDULE,INSTR_CLASS,0,2,2
ESTABLISH_COURSES,USE,SCHEDULE_CLASS_MTG,CLASS_ENRL_CN_SCTN,0,2,2
ESTABLISH_COURSES,USE,SCHEDULE_CLASS_MTG,CLASS_NOTES_SCTN,0,2,2
ESTABLISH_COURSES,USE,SCHEDULE_CLASS_MTG,CLASS_ATTR_WRK,0,2,2
ESTABLISH_COURSES,USE,SCHEDULE_CLASS_MTG,CLASS_EXAM_SCTN,0,2,2
ESTABLISH_COURSES,USE,SCHEDULE_CLASS_MTG,CLASS_TBL_GL_SCTN,0,2,2
ESTABLISH_COURSES,USE,SCHEDULE_CLASS_MTG,CLASS_MTG_PAT_SCTN,0,2,2
ESTABLISH_COURSES,USE,SCHEDULE_CLASS_MTG,CLASS_M_P_WRK_SCTN,0,2,2
ESTABLISH_COURSES,USE,SCHEDULE_CLASS_MTG,CLASS_RSRV_CP_SCTN,0,2,2
ESTABLISH_COURSES,USE,SCHEDULE_CLASS_MTG,CLASS_ENTRY_SCTN,0,2,2
ESTABLISH_COURSES,USE,SCHEDULE_CLASS_MTG,CLASS_TBL_G_W_SCTN,0,2,2
ESTABLISH_COURSES,USE,SCHEDULE_CLASS_MTG,WORKLOAD_WRK,0,2,2
ESTABLISH_COURSES,USE,SCHEDULE_OF_CLASSES,CLASS_ENROLLMENT_CONTROL,0,2,2
ESTABLISH_COURSES,USE,SCHEDULE_OF_CLASSES,CLASS_TBL_GL,0,2,2
ESTABLISH_COURSES,USE,SCHEDULE_OF_CLASSES,CLASS_NOTES,0,2,2
ESTABLISH_COURSES,USE,SCHEDULE_OF_CLASSES,CLASS_ATTR_WRK,0,2,2
ESTABLISH_COURSES,USE,SCHEDULE_OF_CLASSES,CLASS_EXAM,0,2,2
ESTABLISH_COURSES,USE,SCHEDULE_OF_CLASSES,CLASS_LMS_SETUP,0,2,2
ESTABLISH_COURSES,USE,SCHEDULE_OF_CLASSES,CLASS_MEETING_PATTERN/INSTR,0,2,2
ESTABLISH_COURSES,USE,SCHEDULE_OF_CLASSES,CLASS_MEETING_PATTERN_WRK,0,2,2
ESTABLISH_COURSES,USE,SCHEDULE_OF_CLASSES,CLASS_RESERVE_CAPACITY,0,2,2
ESTABLISH_COURSES,USE,SCHEDULE_OF_CLASSES,CLASS_SCHEDULE_ENTRY,0,2,2
ESTABLISH_COURSES,USE,SCHEDULE_OF_CLASSES,CLASS_TBL_GL_WRK,0,2,2
ESTABLISH_COURSES,USE,SCHEDULE_OF_CLASSES,SSR_CLASS_TEXTBOOK,0,2,2
ESTABLISH_COURSES,USE,SCHEDULE_OF_CLASSES,WORKLOAD_WRK,0,2,2
ESTABLISH_COURSES,USE,SECTIONS_COMBINED,SECTIONS_COMBINED,0,2,2
ESTABLISH_COURSES,USE,SECTIONS_COMBINED,WORKLOAD_WRK,0,2,2
ESTABLISH_COURSES,USE,SECTIONS_COMBINED_TABLE,SECTIONS_COMBINED_TABLE,0,2,2
ESTABLISH_COURSES,CATALOG,SSS_BCC_SEL_CRSE,SSS_MYPLANNER_WRK2,0,2,2
ESTABLISH_COURSES,CATALOG,SSS_BCC_SEL_CRSE,SSS_BCC_SEL_CRSE,0,2,2
ESTABLISH_COURSES,CATALOG,SSS_BCC_SEL_CRSE,SSS_BCC_WRK2,0,2,2
ESTABLISH_COURSES,CATALOG,SSS_BROWSE_CATLG,SSS_BROWSE_CATLG,0,2,2
ESTABLISH_COURSES,CATALOG,SSS_BROWSE_CATLG,SSS_BCC_WRK2,0,2,2
ESTABLISH_COURSES,CATALOG,SSS_CRSE_OFFER_DTL,SSS_CRSE_OFFER_DTL,0,2,2
ESTABLISH_COURSES,CATALOG,SSS_CRSE_OFFER_DTL,SSS_MYPLANNER_WRK2,0,2,2
ESTABLISH_COURSES,CATALOG,SSS_CRSE_OFFER_DTL,SSS_BCC_SELCAR,0,2,2
ESTABLISH_COURSES,CATALOG,SSS_CRSE_OFFER_DTL,SSS_CRSE_OFFER_WRK,0,2,2
ESTABLISH_COURSES,INQUIRE,CATALOG_SEARCH,SSR_CATLSRCH_ENTRY,0,2,2
ESTABLISH_COURSES,INQUIRE,CATALOG_SEARCH,SSR_CATLSRCH_RSLT,0,2,2
ESTABLISH_COURSES,INQUIRE,CLASS_MEETING_PATTERN_DISPLAY,CLASS_MEETING_PATTERN,0,2,2
MANAGE_ACADEMIC_RECORDS,INQUIRE,ENRL_REQ1_INQUIRY,ENRL_REQ1_INQUIRY,0,2,2
MANAGE_ACADEMIC_RECORDS,INQUIRE,ENROLLMENT_SUMMARY,ENROLLMENT_SUMMARY,0,2,2
MANAGE_ACADEMIC_RECORDS,INQUIRE,ENROLLMENT_SUMMARY,TERM_STATISTICS,0,2,2
MANAGE_ACADEMIC_RECORDS,INQUIRE,STUDENT_GRADES,STUDENT_GRADE_INQUIRY,0,2,2
MANAGE_ACADEMIC_RECORDS,INQUIRE,STUDENT_GRADES,TERM_STATISTICS2,0,2,2
MANAGE_ACADEMIC_RECORDS,INQUIRE,STUDENT_TERM_SEARCH,STUDENT_TERM_SEARCH,0,2,2
MANAGE_ACADEMIC_RECORDS,USE,APPOINTMENTS,STUDENT_ENROLLMENT_APPOINTMENT,0,2,2
MANAGE_ACADEMIC_RECORDS,USE,ENROLLMENT,CAN_RPT_STDNT_CRSE,0,2,2
MANAGE_ACADEMIC_RECORDS,USE,ENROLLMENT,LAST_ENROLLMENT_ACTION,0,2,2
MANAGE_ACADEMIC_RECORDS,USE,ENROLLMENT,SSR_STDNT_ENRL_AUS,0,2,2
MANAGE_ACADEMIC_RECORDS,USE,ENROLLMENT,CAREER_TERM_STATS_WORK_PANEL,0,2,2
MANAGE_ACADEMIC_RECORDS,USE,ENROLLMENT,ENROLLMENT_WORK_PANEL,0,2,2
MANAGE_ACADEMIC_RECORDS,USE,ENROLLMENT,SSR_STDNT_ENRL_NZL,0,2,2
MANAGE_ACADEMIC_RECORDS,USE,ENROLLMENT,STUDENT_ENROLLMENT_1,0,2,2
MANAGE_ACADEMIC_RECORDS,USE,ENROLLMENT,STUDENT_ENROLLMENT_2,0,2,2
MANAGE_ACADEMIC_RECORDS,USE,ENROLLMENT,STUDENT_ENROLLMENT_3,0,2,2
MANAGE_ACADEMIC_RECORDS,USE,ENROLLMENT,STDNT_ENRL4,0,2,2
MANAGE_ACADEMIC_RECORDS,USE,ENROLLMENT_REQUEST,ENROLLMENT_REQUEST,0,2,2
MANAGE_ACADEMIC_RECORDS,USE,ENROLLMENT_REQUEST,LISTING_WORK_PANEL,0,2,2
MANAGE_ACADEMIC_RECORDS,USE,ENROLLMENT_REQUEST,REQUEST_WORK_PANEL,0,2,2
MANAGE_ACADEMIC_RECORDS,USE,STDNT_CONS_STAT,STDNT_CONS_STATS0,0,2,2
MANAGE_ACADEMIC_RECORDS,USE,STDNT_CONS_STAT,STDNT_CONS_STATS6,0,2,2
MANAGE_ACADEMIC_RECORDS,USE,STDNT_CONS_STAT,STDNT_CONS_STATS1,0,2,2
MANAGE_ACADEMIC_RECORDS,USE,STDNT_CONS_STAT,STDNT_CONS_STATS3,0,2,2
MANAGE_ACADEMIC_RECORDS,USE,TERM_ACTIVATION,ENROLLMENT_LIMIT,0,2,2
MANAGE_ACADEMIC_RECORDS,USE,TERM_ACTIVATION,SSR_LOAN_ELEC_AUS,0,2,2
MANAGE_ACADEMIC_RECORDS,USE,TERM_ACTIVATION,STDNT_EXT_STUDY,0,2,2
MANAGE_ACADEMIC_RECORDS,USE,TERM_ACTIVATION,SSR_STD_CRTRM_NZL,0,2,2
MANAGE_ACADEMIC_RECORDS,USE,TERM_ACTIVATION,STDNT_TUITION_CALC,0,2,2
MANAGE_ACADEMIC_RECORDS,USE,TERM_ACTIVATION,STDNT_SESSION,0,2,2
MANAGE_ACADEMIC_RECORDS,USE,TERM_ACTIVATION,TERM_ACTIVATION,0,2,2
MANAGE_ACADEMIC_RECORDS,USE,TERM_ACTIVATION,TERM_ACTIVATION_WRK,0,2,2
MANAGE_ACADEMIC_RECORDS,USE,TERM_ACTIVATION,TERM CONTROL DATES,0,2,2
MANAGE_ACADEMIC_RECORDS,USE,TERM_ACTIVATION,CAREER_RESIDENCY,0,2,2
MANAGE_ACADEMIC_RECORDS,USE,TERM_ACTIVATION,TRNS_XFR_WRK,0,2,2
TRACK_STUDENT_CAREERS,INQUIRE,STDNT_GROUPS_INQS,STDNT_GROUPS_SINQ,0,2,2
TRACK_STUDENT_CAREERS,USE,STUDENT_DEGREES,ACAD_DEGREE,0,2,2
TRACK_STUDENT_CAREERS,USE,STUDENT_DEGREES,ACAD_DEGREE_HONORS,0,2,2
TRACK_STUDENT_CAREERS,USE,STUDENT_DEGREES,ACAD_DEGREE_PLAN,0,2,2
TRACK_STUDENT_CAREERS,USE,STUDENT_DEGREES,ACAD_DEGREE_SUBPLN,0,2,2
UC_SR_CLASS_SCHED_SCTY,USE,UC_SR_SCH_SECURITY,UC_SCHED_SECURITY,0,2,2
COMMUNITY_ACCESS,TASKS,SCHEDULE_OF_CLASSES,SSR_CLSRCH_DTL,0,2,2
COMMUNITY_ACCESS,TASKS,SCHEDULE_OF_CLASSES,SSR_CLSRCH_ENTRY,0,2,2
COMMUNITY_ACCESS,TASKS,SCHEDULE_OF_CLASSES,SSR_CLSRCH_RSLT,0,2,2
COMMUNITY_ACCESS,TASKS,SCHEDULE_OF_CLASSES,SSR_CLSRCH_WRK,0,2,2
ESTABLISH_COURSES,INQUIRE,CLASS_SEARCH,SSR_CLSRCH_DTL,0,2,2
ESTABLISH_COURSES,INQUIRE,CLASS_SEARCH,SSR_CLSRCH_ENTRY,0,2,2
ESTABLISH_COURSES,INQUIRE,CLASS_SEARCH,SSR_CLSRCH_RSLT,0,2,2
ESTABLISH_COURSES,INQUIRE,CLASS_SEARCH,SSR_CLSRCH_WRK,0,2,2
EVALUATE_APPLICANTS,INQUIRE,PERSON_EVENT_SUM,PERSON_EVENT_SUM,0,4,4
PROCESS_APPLICATIONS,USE,NAMES,SCC_NAMES_89,0,6,6
PROCESS_APPLICATIONS,USE,RESIDENCY_DATA,RESIDENCY_APPEAL,0,6,6
PROCESS_APPLICATIONS,USE,RESIDENCY_DATA,RESIDENCY_SELF,0,6,6
PROCESS_APPLICATIONS,USE,RESIDENCY_DATA,RESIDENCY_OFFICIAL_1,0,6,6
PROCESS_APPLICATIONS,USE,RESIDENCY_DATA,RESIDENCY_OFFICIAL_2,0,6,6
PROCESS_APPLICATIONS,USE,STDNT_GROUPS,STDNT_GROUPS,0,6,6
PROCESS_APPLICATIONS,USE,APPLICATION_MAINTENANCE,SCC_BIO_DEMO_ADDR,0,6,6
PROCESS_APPLICATIONS,USE,APPLICATION_MAINTENANCE,SCC_BIO_DEMO_PERS,0,6,6
PROCESS_APPLICATIONS,USE,APPLICATION_MAINTENANCE,SSR_RS_CNDDTRE_ADM,0,6,6
PROCESS_APPLICATIONS,USE,APPLICATION_MAINTENANCE,SCC_PERSONAL_INFO,0,6,6
PROCESS_APPLICATIONS,USE,APPLICATION_MAINTENANCE,SCC_BIO_DEMO_REG,0,6,6
PROCESS_APPLICATIONS,USE,APPLICATION_MAINTENANCE,SAD_PESC_OTHER_SCH,0,6,6
PROCESS_APPLICATIONS,USE,APPLICATION_MAINTENANCE,SAD_APPL_CAF_TAB,0,6,6
PROCESS_APPLICATIONS,USE,APPLICATION_MAINTENANCE,SAD_APPL_REG_DATA,0,6,6
PROCESS_APPLICATIONS,USE,APPLICATION_MAINTENANCE,APPLICATION_MAINTENANCE_3,0,6,6
PROCESS_APPLICATIONS,USE,APPLICATION_MAINTENANCE,ADM_APPL_ENTRY4,0,6,6
PROCESS_APPLICATIONS,USE,APPLICATION_MAINTENANCE,APPLICATION_MAINTENANCE_2,0,6,6
PROCESS_APPLICATIONS,USE,APPLICATION_MAINTENANCE,ADM_APPL_STDNT_RSP,0,6,6
PROCESS_APPLICATIONS,USE,APPLICATION_MAINTENANCE,SCC_BIO_DEMO_CITI,0,6,6
PROCESS_APPLICATIONS,USE,APPLICATION_MAINTENANCE,SCC_BIO_DEMO_VISA,0,6,6
PROCESS_APPLICATIONS,USE,SCC_BIO_DEMO,SCC_BIO_DEMO_ADDR,0,6,6
PROCESS_APPLICATIONS,USE,SCC_BIO_DEMO,SCC_BIO_DEMO_PERS,0,6,6
PROCESS_APPLICATIONS,USE,SCC_BIO_DEMO,SCC_HE_PERSON_RES,0,6,6
PROCESS_APPLICATIONS,USE,SCC_BIO_DEMO,SCC_PERSONAL_INFO,0,6,6
PROCESS_APPLICATIONS,USE,SCC_BIO_DEMO,SCC_BIO_DEMO_REG,0,6,6
PROCESS_APPLICATIONS,USE,SCC_BIO_DEMO,SCC_BIO_DEMO_CITI,0,6,6
PROCESS_APPLICATIONS,USE,SCC_BIO_DEMO,SCC_HE_PERSON,0,6,6
PROCESS_APPLICATIONS,USE,SCC_BIO_DEMO,SCC_BIO_DEMO_VISA,0,6,6
CC_SERVICES_DATA,USE,EXTERNAL_SYSTEM_ID,EXTERNAL_SYSTEM_ID,0,6,6
CC_SERVICES_DATA_STDNT,USE,EXTERNAL_SYSTEM_ID,EXTERNAL_SYSTEM_ID,0,6,6
DEFINE_ACADEMIC_REQUIREMENTS,SETUP,ACADEMIC_COURSE_LISTS,COURSE_LIST_DESCRIPTION,0,6,6
DEFINE_ACADEMIC_REQUIREMENTS,SETUP,ACADEMIC_COURSE_LISTS,COURSE_DETAIL,0,6,6
DEFINE_ACADEMIC_REQUIREMENTS,SETUP,ACADEMIC_COURSE_LISTS,COURSE_DETAIL_PARMS,0,6,6
DEFINE_ACADEMIC_REQUIREMENTS,SETUP,ACADEMIC_REQUIREMENTS,REQUIREMENT_LINE_ITEM,0,6,6
DEFINE_ACADEMIC_REQUIREMENTS,SETUP,ACADEMIC_REQUIREMENTS,REQUIREMENT_PARAMETERS,0,6,6
DEFINE_ACADEMIC_REQUIREMENTS,SETUP,ACADEMIC_REQUIREMENTS,REQUIREMENT,0,6,6
DEFINE_ACADEMIC_REQUIREMENTS,SETUP,ACADEMIC_REQUIREMENTS,CRSESHARE_WRK,0,6,6
DEFINE_ACADEMIC_REQUIREMENTS,SETUP,ACADEMIC_REQUIREMENTS,REQUIREMENT_LINE_ITEM_PARMS,0,6,6
DEFINE_ACADEMIC_REQUIREMENTS,SETUP,ACADEMIC_REQUIREMENTS,REQUIREMENT_LINE_ITEM_DETAIL,0,6,6
DEFINE_STUDENT_ADMINISTRATION,SETUP,INSTRUCT_MODE,INSTRUCT_MODE,0,6,6
DEFINE_STUDENT_RECORDS,SETUP,CLASS_SCHED_INT,CLASS_SCHED_INT,0,6,6
DEFINE_STUDENT_RECORDS,SETUP,COURSE_ATTRIBUTES,COURSE_ATTRIBUTES,0,6,6
DEFINE_STUDENT_RECORDS,SETUP,INSTRUCTOR_ADVISOR_TABLE,INSTR_ADVISOR2,0,6,6
DEFINE_STUDENT_RECORDS,SETUP,INSTRUCTOR_ADVISOR_TABLE,INSTRUCTOR/ADVISOR_TABLE,0,6,6
DEFINE_STUDENT_RECORDS,SETUP,INSTRUCTOR_ADVISOR_TABLE,UC_INSTR_ADV_ADDL,0,6,6
DEFINE_STUDENT_RECORDS,SETUP,INSTRUCTOR_ADVISOR_TABLE,SSR_HE_INST_ADV,0,6,6
DEFINE_STUDENT_RECORDS,SETUP,RQ_DESIGNATION_TBL,RQ_DESIGNATION_TBL,0,6,6
DEFINE_STUDENT_RECORDS,SETUP,SSR_CRSE_TYP_OFFER,SSR_CRSE_TYP_OFFER,0,6,6
DESIGN_ACADEMIC_STRUCTURE,SETUP,DYN_CLASS_TBL,DYN_CLASS_DATA_TBL,0,6,6
ESTABLISH_COURSES,INQUIRE,ENROLLMENT_REQUISITE_SUMMARY,REQUISITE_GROUP_DESCRIPTION,0,6,6
ESTABLISH_COURSES,INQUIRE,ENROLLMENT_REQUISITE_SUMMARY,WORK_PANEL,0,6,6
ESTABLISH_COURSES,SETUP,DYN_CLASS_DATES_TBL,DYN_CLASS_DATA_TBL,0,6,6
ESTABLISH_COURSES,SETUP,ENROLLMENT_COURSE_LISTS,COURSE_LIST_DESCRIPTION,0,6,6
ESTABLISH_COURSES,SETUP,ENROLLMENT_COURSE_LISTS,RQ_CRSE_LIST_DET,0,6,6
ESTABLISH_COURSES,SETUP,ENROLLMENT_COURSE_LISTS,RQ_CRSE_LST_DPR2,0,6,6
ESTABLISH_COURSES,SETUP,ENROLLMENT_REQUIREMENTS,REQUIREMENT,0,6,6
ESTABLISH_COURSES,SETUP,ENROLLMENT_REQUIREMENTS,CRSESHARE_WRK,0,6,6
ESTABLISH_COURSES,SETUP,ENROLLMENT_REQUIREMENTS,CRSE_RQRMNT_PARM,0,6,6
ESTABLISH_COURSES,SETUP,ENROLLMENT_REQUIREMENTS,REQUIREMENT_LINE_ITEM,0,6,6
ESTABLISH_COURSES,SETUP,ENROLLMENT_REQUIREMENTS,REQUIREMENT_LINE_ITEM_DETAIL,0,6,6
ESTABLISH_COURSES,SETUP,ENROLLMENT_REQUIREMENTS,CRSE_RQ_LINE_PARM,0,6,6
ESTABLISH_COURSES,SETUP,ENROLLMENT_REQUIREMENT_GROUPS,COURSE_REQUIS/RESTRICT,0,6,6
ESTABLISH_COURSES,SETUP,ENROLLMENT_REQUIREMENT_GROUPS,REQUIS/RESTRICT_PARAMETERS,0,6,6
ESTABLISH_COURSES,SETUP,ENROLLMENT_REQUIREMENT_GROUPS,REQUIS/RESTRICT_DETAIL,0,6,6
ESTABLISH_COURSES,SETUP,ENROLLMENT_REQUIREMENT_GROUPS,CRSE_RQS_DET_PRM,0,6,6
ESTABLISH_COURSES,SETUP,SSR_REQ_COND_TEST,SSR_REQ_COND_TEST,0,6,6
ESTABLISH_COURSES,SETUP,SSR_REQ_RPT_TYPE,SSR_ENR_RPT_TYPE,0,6,6
ESTABLISH_COURSES,SETUP,SSR_RQ_CONDITION,RQ_CONDITION,0,6,6
ESTABLISH_COURSES,SETUP,SSR_RQ_ENTITY_GRP,AA_IN_CONDITION1,0,6,6
ESTABLISH_COURSES,SETUP,SSR_VALID_STDNT_GR,SSR_VALID_STDNT_GR,0,6,6
ESTABLISH_COURSES,USE,COURSE_CATALOG,CRSE_OFFER_GL,0,6,6
ESTABLISH_COURSES,USE,COURSE_CATALOG,COURSE_CATALOG_DATA,0,6,6
ESTABLISH_COURSES,USE,COURSE_CATALOG,COURSE_CATALOG_OFFERINGS,0,6,6
ESTABLISH_COURSES,USE,COURSE_CATALOG,COURSE_CATALOG_COMPONENTS,0,6,6
ESTABLISH_COURSES,USE,COURSE_CATALOG,SSR_CRSECAT_MODAL,0,6,6
ESTABLISH_COURSES,USE,COURSE_CATALOG,SSR_CRS_MILESTN,0,6,6
ESTABLISH_COURSES,USE,COURSE_CATALOG,SSR_CRS_CAT_NZL,0,6,6
ESTABLISH_COURSES,USE,COURSE_CATALOG,CRSE_OFFER_GL_WRK,0,6,6
ESTABLISH_COURSES,USE,COURSE_CATALOG,RQS_CAT_WRK,0,6,6
ESTABLISH_COURSES,INQUIRE,COURSE_CATALOG_SUMMARY,COURSE_CATALOG_SUMMARY,0,6,6
ESTABLISH_COURSES,INQUIRE,ENROLLMENT_COURSELIST_SUMMARY,COURSELIST_SUMMARY,0,6,6
ESTABLISH_COURSES,INQUIRE,ENROLLMENT_REQUIREMENT_SUMMAR,REQUIREMENT_SUMMARY,0,6,6
ESTABLISH_COURSES,INQUIRE,ENROLLMENT_REQUIREMENT_SUMMAR,WORK_PANEL,0,6,6
MANAGE_ACADEMIC_RECORDS,USE,TERM_HISTORY,CUMULATIVE_STATISTICS,0,6,6
MANAGE_ACADEMIC_RECORDS,USE,TERM_HISTORY,STDNT_SESSION_WDWL,0,6,6
MANAGE_ACADEMIC_RECORDS,USE,TERM_HISTORY,TERM_STATISTICS,0,6,6
MANAGE_ACADEMIC_RECORDS,USE,TERM_HISTORY,ACAD_STDNG_ACTN,0,6,6
MANAGE_ACADEMIC_RECORDS,USE,TERM_HISTORY,STDNT_SPCL_GPA,0,6,6
MANAGE_ACADEMIC_RECORDS,USE,TERM_HISTORY,STDNT_GRD_REVIEW,0,6,6
MANAGE_ACADEMIC_RECORDS,USE,TERM_HISTORY,TERM_ACTIVATION_WORK_PANEL,0,6,6
MANAGE_ACADEMIC_RECORDS,USE,TERM_HISTORY,TERM_HISTORY_WRK,0,6,6
MANAGE_ACADEMIC_RECORDS,USE,TERM_HISTORY,WITHDRAWAL,0,6,6
TRACK_STUDENT_CAREERS,INQUIRE,STUDENT_CAREER,STUDENT_CAREER,0,6,6
TRACK_STUDENT_CAREERS,USE,STUDENT_GROUPS,STUDENT_GROUPS,0,6,6
TRACK_STUDENT_CAREERS,USE,STUDENT_PROGRAM_PLAN,CAN_RPT_STD_ENR,0,6,6
TRACK_STUDENT_CAREERS,USE,STUDENT_PROGRAM_PLAN,SSR_STD_PRG_AUS,0,6,6
TRACK_STUDENT_CAREERS,USE,STUDENT_PROGRAM_PLAN,STDNT_PROG_CAF,0,6,6
TRACK_STUDENT_CAREERS,USE,STUDENT_PROGRAM_PLAN,STDNT_PLAN_WRK,0,6,6
TRACK_STUDENT_CAREERS,USE,STUDENT_PROGRAM_PLAN,STDNT_ATTRIBUTES,0,6,6
TRACK_STUDENT_CAREERS,USE,STUDENT_PROGRAM_PLAN,STUDENT_DEGREE,0,6,6
TRACK_STUDENT_CAREERS,USE,STUDENT_PROGRAM_PLAN,STUDENT_SUB-PLAN,0,6,6
TRACK_STUDENT_CAREERS,USE,STUDENT_PROGRAM_PLAN,STUDENT_PLAN,0,6,6
TRACK_STUDENT_CAREERS,USE,STUDENT_PROGRAM_PLAN,STUDENT_PROGRAM,0,6,6
TRACK_STUDENT_CAREERS,USE,STUDENT_PROGRAM_PLAN,SSR_STDNT_PLAN_WK2,0,6,6
TRACK_STUDENT_CAREERS,USE,STUDENT_PROGRAM_PLAN,SCC_STDNTCTR_WORK,0,6,6
CC_BIO_DEMO_DATA_STDNT,USE,EMERGENCY_CONTACTS,SCC_EMERG_CNTCT2,0,2,2
CC_BIO_DEMO_DATA_STDNT,USE,EMERGENCY_CONTACTS,SCC_EMERG_CNTCT1,0,2,2
CC_BIO_DEMO_DATA_STDNT,USE,ETHNICITY_DETAIL,ETHNICITY_DETAIL,0,2,2
CC_BIO_DEMO_DATA_STDNT,USE,SCC_LANGUAGES_PERS,SCC_LANGUAGES,0,2,2
CC_BIO_DEMO_DATA_STDNT,USE,WORK_EXPERIENCE,PRIOR_WORK_EXP_SA,0,2,2
CC_SERVICES_DATA_STDNT,USE,DECEDENT_DATA,SA_DECEASED_DATA,0,2,2
CC_BIO_DEMO_DATA_STDNT,USE,SCC_BIO_DEMO,SCC_BIO_DEMO_ADDR,0,6,6
CC_BIO_DEMO_DATA_STDNT,USE,SCC_BIO_DEMO,SCC_BIO_DEMO_PERS,0,6,6
CC_BIO_DEMO_DATA_STDNT,USE,SCC_BIO_DEMO,SCC_HE_PERSON_RES,0,6,6
CC_BIO_DEMO_DATA_STDNT,USE,SCC_BIO_DEMO,SCC_PERSONAL_INFO,0,6,6
CC_BIO_DEMO_DATA_STDNT,USE,SCC_BIO_DEMO,SCC_BIO_DEMO_REG,0,6,6
CC_BIO_DEMO_DATA_STDNT,USE,SCC_BIO_DEMO,SCC_BIO_DEMO_CITI,0,6,6
CC_BIO_DEMO_DATA_STDNT,USE,SCC_BIO_DEMO,SCC_HE_PERSON,0,6,6
CC_BIO_DEMO_DATA_STDNT,USE,SCC_BIO_DEMO,SCC_BIO_DEMO_VISA,0,6,6
CC_BIO_DEMO_DATA_STDNT,INQUIRE,SCC_ADDR_PERS_INQ,SCC_ADDR_PERS_INQ,0,8,8
CC_BIO_DEMO_DATA_STDNT,INQUIRE,SCC_EADDR_PERS_INQ,SCC_EADDR_PERS_INQ,0,8,8
CC_BIO_DEMO_DATA_STDNT,INQUIRE,SCC_NAMES_INQ,SCC_NAMES_INQ,0,8,8
CC_BIO_DEMO_DATA_STDNT,INQUIRE,SCC_PHONE_PERS_INQ,SCC_PHONE_PERS_INQ,0,8,8
UC_SFA_EA_TESTER,USE,UC_SFA_EA_TESTER,UC_SFA_EA_TESTER,0,1,1
SCC_TASK_MGMT,USE,SCC_TM_TASK_LOG,SCC_TM_TASK_LOG,0,1,1
MANAGE_CHECKLISTS,INQUIRE,CHECKLIST_SUMMARY,CHECKLIST_SUMMARY,0,2,2
MANAGE_CHECKLISTS,INQUIRE,CHECKLIST_SUMMARY,OPERATOR_3C_GROUPS,0,2,2
MANAGE_CHECKLISTS,INQUIRE,TRACKING_INQUIRY,TRACKING_INQUIRY,0,2,2
MANAGE_CHECKLISTS,INQUIRE,TRACKING_SUMMARY,TRACKING_SUMMARY,0,2,2
CREATE_COMMENTS,INQUIRE,COMMENT_DETAIL,COMMENT_DETAIL,0,2,2
CREATE_COMMENTS,INQUIRE,COMMENT_SUMMARY,OPERATOR_3C_GROUPS_SUM,0,2,2
CREATE_COMMENTS,INQUIRE,COMMENT_SUMMARY,COMMENT_SUMMARY,0,2,2
CCI_COMMUNICATION_CENTER,FLUID,CCI_COMM_CENTR_LNC,CCI_COMM_CENTR_LNC,0,2,2
CCI_COMMUNICATION_CENTER,USE,CCI_COMM_MSG_APPLY,CCI_COMM_MSG_APPLY,0,2,2
MANAGE_COMMUNICATIONS,INQUIRE,COMMUNICATION_DETAIL,COMMUNICATION_DETAIL_1,0,2,2
MANAGE_COMMUNICATIONS,INQUIRE,COMMUNICATION_DETAIL,COMM_RECPNT_DATA,0,2,2
MANAGE_COMMUNICATIONS,INQUIRE,COMMUNICATION_SUMMARY,COMMUNICATION_SUMMARY,0,2,2
MANAGE_COMMUNICATIONS,INQUIRE,COMMUNICATION_SUMMARY,OPERATOR_3C_GROUPS_SUM,0,2,2
MANAGE_COMMUNICATIONS,INQUIRE,COMM_LTR_DATA,COMM_LTR_DATA,0,2,2
MANAGE_COMMUNICATIONS,INQUIRE,COMM_LTR_DATA,COMM_RECPNT_DATA,0,2,2
MANAGE_COMMUNICATIONS,INQUIRE,ORG_COMMUNICATION_SUMMARY,&ORG_COMMUNICATION_SUMMARY,0,2,2
MANAGE_COMMUNICATIONS,INQUIRE,ORG_COMMUNICATION_SUMMARY,OPR_GRP_3C_SUM,0,2,2
MANAGE_COMMUNICATIONS,INQUIRE,ORG_COMM_LTR_DATA,ORGCOMM_LTR_DATA,0,2,2
MANAGE_COMMUNICATIONS,INQUIRE,ORG_DTL,ORGANIZATION_COMMUNICATION,0,2,2
MANAGE_COMMUNICATIONS,INQUIRE,ORG_DTL,ORGANIZATION_COMM_RECIPIENTS,0,2,2
CCI_COMMUNICATION_CENTER,FLUID,CCI_COMM_CENTR_LNC,CCI_COMM_CENTR_LNC,0,2,2
APPLY_FOR_FINANCIAL_AID,USE,STUDENT_AID_YEAR_ACTIVATION,AID_YEAR_ACTIVATION,0,2,2
CC_IDENTIFICATION_DATA_STDNT,USE,CITIZENSHIP_PASSPORT_DATA,LS_CITIZEN_PASSPRT,0,2,2
CSU_FINANCIAL_AID,USE,CSU_CGI_SUSP_24,CSU_CGI_SUSP_24,0,2,2
CSU_FINANCIAL_AID,USE,CSU_CGI_SUSP_16,CSU_CGI_SUSP_16,0,2,2
CSU_FINANCIAL_AID,USE,CSU_CGI_SUSP_17,CSU_CGI_SUSP_17,0,2,2
CSU_FINANCIAL_AID,USE,CSU_CGI_SUSP_18,CSU_CGI_SUSP_18,0,2,2
CSU_FINANCIAL_AID,USE,CSU_CG_GPA_BTH_DTL,CSU_CG_GPA_BTH_DTL,0,2,2
CSU_FINANCIAL_AID,USE,CSU_CG_LOOKUP,CSU_CG_LKUP2,0,2,2
CSU_FINANCIAL_AID,USE,CSU_CG_LOOKUP,CSU_CG_LKUP1,0,2,2
CSU_FINANCIAL_AID,USE,CSU_CG_LOOKUP,CSU_CG_LKUP4,0,2,2
CSU_FINANCIAL_AID,USE,CSU_CG_LOOKUP,CSU_CG_LKUP5,0,2,2
CSU_FINANCIAL_AID,USE,CSU_CG_LOOKUP,CSU_CG_LKUP3,0,2,2
CSU_FINANCIAL_AID,USE,CSU_MCS_CHANGES,CSU_MCS_CHG_2,0,2,2
CSU_FINANCIAL_AID,USE,CSU_MCS_CHANGES,CSU_MCS_CHG_1,0,2,2
CSU_FINANCIAL_AID,USE,CSU_MCS_CHANGES,CSU_MCS_CHG_4,0,2,2
CSU_FINANCIAL_AID,USE,CSU_MCS_CHANGES,CSU_MCS_CHG_3,0,2,2
CSU_FINANCIAL_AID,USE,CSU_MCS_ROSTER,CSU_MCS_STG_2,0,2,2
CSU_FINANCIAL_AID,USE,CSU_MCS_ROSTER,CSU_MCS_OUT_1,0,2,2
CSU_FINANCIAL_AID,USE,CSU_MCS_ROSTER,CSU_MCS_STG_4,0,2,2
CSU_FINANCIAL_AID,USE,CSU_MCS_ROSTER,CSU_MCS_STG_3,0,2,2
CSU_FINANCIAL_AID,MENUITEM3,CSU_CG_AJRC_CMPT,CSU_CG_AJRC_TABLE,0,2,2
CSU_FINANCIAL_AID,MENUITEM3,CSU_CG_INSTALL,CSU_CG_INSTALL,0,2,2
CSU_FINANCIAL_AID,MENUITEM3,CSU_CG_PYSTAT_CMPT,CSU_CG_PYSTA_TABLE,0,2,2
CSU_FINANCIAL_AID,MENUITEM3,CSU_CG_SRCHPARM_1,CSU_CG_EVENT_SETUP,0,2,2
CSU_FINANCIAL_AID,MENUITEM3,CSU_CG_SRCHPARM_1,CSU_CG_CEILINGS,0,2,2
CSU_FINANCIAL_AID,MENUITEM3,CSU_CG_SRCHPARM_1,CSU_CG_ISIR_SETUP,0,2,2
CSU_FINANCIAL_AID,MENUITEM3,CSU_CG_SRCHPARM_1,CSU_CG_SRCHPARM,0,2,2
CSU_FINANCIAL_AID,MENUITEM3,CSU_CG_SRCHPARM_1,CSU_CG_SRCH_PARMS,0,2,2
CSU_FINANCIAL_AID,MENUITEM5,CSU_CG_REJECT_DATA,CSU_CG_REJT_DAT_VW,0,2,2
CSU_FINANCIAL_AID,MENUITEM5,CSU_CG_SCHOOL_CHNG,CSU_CG_SCHOOL_CHNG,0,2,2
CSU_FINANCIAL_AID,MENUITEM5,CSU_FA_CG_ACP_REJ,CSU_CG_ACP_REJ_RPT,0,2,2
CSU_FINANCIAL_AID,USE,CSU_CGI_ECQUEUE,CSU_CGI_ECQUEUE,0,2,2
CSU_FINANCIAL_AID,USE,CSU_CGI_SUSP_23,CSU_CGI_SUSP_23,0,2,2
CSU_FINANCIAL_AID,USE,CSU_CGI_SUSP_19,CSU_CGI_SUSP_19,0,2,2
CSU_FINANCIAL_AID,USE,CSU_CGI_SUSP_25,CSU_CGI_SUSP_25,0,2,2
CU_FINANCIAL_AID,USE,CU_PLS_LOAN_APP,CU_PLS_LOAN_APPBR,0,2,2
CU_FINANCIAL_AID,USE,CU_PLS_LOAN_APP,CU_PLS_LOAN_APPBID,0,2,2
CU_FINANCIAL_AID,USE,CU_PLS_LOAN_APP,CU_PLS_LOAN_APP,0,2,2
DESIGN_FINANCIAL_AID1,INQUIRE,EQTN_RUN_RESULTS,EQTN_GLOBAL_VAR,0,2,2
DESIGN_FINANCIAL_AID1,INQUIRE,EQTN_RUN_RESULTS,EQTN_MSG_WRK,0,2,2
DESIGN_FINANCIAL_AID1,INQUIRE,EQTN_RUN_RESULTS,EQTN_PRCS_MSGS,0,2,2
DESIGN_FINANCIAL_AID1,SETUP_F-K,ISIR_MESSAGE_TABLES,ISIR_COMMENTS,0,2,2
DESIGN_FINANCIAL_AID1,SETUP_F-K,ISIR_MESSAGE_TABLES,ISIR_REJECT_REASONS,0,2,2
DESIGN_FINANCIAL_AID1,SETUP_F-K,ISIR_MESSAGE_TABLES,ISIR_REJECT24_TBL,0,2,2
DESIGN_FINANCIAL_AID1,INQUIRE,EQUATION_VIEW,SCC_EQUATION_VIEW,0,2,2
DESIGN_FINANCIAL_AID1,PROCESS,UPD_STDNT_AID_ATTR,RUNCNTL_FA_UPDT,0,2,2
DESIGN_FINANCIAL_AID1,SETUP_A-B,ADMIT_LEVEL_ASSOCIATIONS,ADMIT_LVL_TBL,0,2,2
DESIGN_FINANCIAL_AID1,SETUP_A-B,AGGR_LVL_XREF,AGGR_LVL_XREF,0,2,2
DESIGN_FINANCIAL_AID1,SETUP_A-B,AID_YEAR_TABLE,AID_YEAR_TABLE,0,2,2
DESIGN_FINANCIAL_AID1,SETUP_A-B,AWARD_ADJUST_REASONS,ADJUSTMENT_REASONS,0,2,2
DESIGN_FINANCIAL_AID1,SETUP_A-B,BUDGET_CATEGORY_TABLE,BUDGET_CATEGORY_TABLE,0,2,2
DESIGN_FINANCIAL_AID1,SETUP_A-B,BUDGET_ITEM_TABLE,BUDGET_ITEM_TABLE,0,2,2
DESIGN_FINANCIAL_AID1,SETUP_A-B,SFA_AGGR_AREA_XREF,SFA_AGGR_AREA_XREF,0,2,2
DESIGN_FINANCIAL_AID1,SETUP_C-E,DISBURSEMENT_ID_TABLE,DISBURSEMENT_ID_TABLE,0,2,2
DESIGN_FINANCIAL_AID1,SETUP_C-E,DISBURSEMENT_PLAN_TABLE,DISBURSEMENT_PLAN_TABLE,0,2,2
DESIGN_FINANCIAL_AID1,SETUP_C-E,DISBURSEMENT_SPLIT_CODES,DISBURSEMENT_SPLIT_CODES,0,2,2
DESIGN_FINANCIAL_AID1,SETUP_C-E,EQTN_TEST_DATA,EQTN_TEST_DATA,0,2,2
DESIGN_FINANCIAL_AID1,SETUP_C-E,PROCESS_COMMIT,PROCESS_COMMIT,0,2,2
DESIGN_FINANCIAL_AID1,SETUP_C-E,SCC_EQTNPOPSELPARM,SCC_EQTN_POP_PARM,0,2,2
DESIGN_FINANCIAL_AID1,SETUP_C-E,SFA_COD_EDIT_CODE,SFA_COD_EDIT_CODE,0,2,2
DESIGN_FINANCIAL_AID1,SETUP_C-E,SFA_EA_DEFN,SFA_EA_TYPE,0,2,2
DESIGN_FINANCIAL_AID1,SETUP_C-E,SFA_EA_DEFN_SRCE,SFA_EA_SOURCE,0,2,2
DESIGN_FINANCIAL_AID1,SETUP_C-E,SFA_EA_TYPE_XREF,SFA_EA_TYPE_XREF,0,2,2
DESIGN_FINANCIAL_AID1,SETUP_C-E,SPLIT_CODES_FOR_DISBURSE_IDS,SPLIT_CODES_FOR_DISBURSE_IDS,0,2,2
DESIGN_FINANCIAL_AID1,SETUP_F-K,FANLTR_FORM_TYPE,FANLTR_FORM_TYPE,0,2,2
DESIGN_FINANCIAL_AID1,SETUP_F-K,FA_ECTRANS,FA_ECTRANS,0,2,2
DESIGN_FINANCIAL_AID1,SETUP_F-K,FILE_LOAD_CONTROL,CSL_CONTROL,0,2,2
DESIGN_FINANCIAL_AID1,SETUP_F-K,INAS_ASMPTN_CODES,INAS_FM_ASMPTN,0,2,2
DESIGN_FINANCIAL_AID1,SETUP_F-K,INAS_ASMPTN_CODES,INAS_IM_ASMPTN,0,2,2
DESIGN_FINANCIAL_AID1,SETUP_F-K,INST_CROSS_REFERENCE,INST_CROSS_REFERENCE,0,2,2
DESIGN_FINANCIAL_AID1,SETUP_F-K,ISIR_SAR_CROSS_REFERENCE,ISIR/SAR_CROSS_REFERENCE,0,2,2
DESIGN_FINANCIAL_AID1,SETUP_F-K,ISIR_VERIF_XREF,ISIR_VERIF_XREF,0,2,2
DESIGN_FINANCIAL_AID1,SETUP_C-E,EFC_ASMPTN_CODES,SFA_FM_ASMPTN,0,2,2
DESIGN_FINANCIAL_AID1,SETUP_C-E,EFC_ASMPTN_CODES,INAS_FM_ASMPTN,0,2,2
DESIGN_FINANCIAL_AID1,SETUP_C-E,EFC_ASMPTN_CODES,INAS_IM_ASMPTN,0,2,2
DESIGN_FINANCIAL_AID1,SETUP_F-K,FISCAL_ITEM_TYPES,SETUP_FISCAL_ITEM_TYPE,0,2,2
DESIGN_FINANCIAL_AID1,SETUP_F-K,FISCAL_ITEM_TYPES,STATUS_FISCAL_ITEM_TYPE,0,2,2
DESIGN_FINANCIAL_AID1,SETUP_F-K,FISCAL_ITEM_TYPES,ITEM_TYPE_FISCAL_NOTES,0,2,2
DESIGN_FINANCIAL_AID2,SETUP R-Z,VALID_CAREERS_FOR_AID_YEAR,VALID_CAREERS_FOR_AID_YEAR,0,2,2
DESIGN_FINANCIAL_AID2,SETUP R-Z,VALID_TERMS_FOR_CAREER,VALID_TERMS_FOR_CAREER,0,2,2
DESIGN_FINANCIAL_AID2,SETUP_L-M,LN_DL_INST_PARM,LN_DL_INST_PARM,0,2,2
DESIGN_FINANCIAL_AID2,SETUP_N-P,NSLDS_CODES,NSLDS_CODE_TABLE,0,2,2
DESIGN_FINANCIAL_AID2,SETUP_N-P,PELL_ATTENDING,PELL_ATTENDING,0,2,2
DESIGN_FINANCIAL_AID2,SETUP_N-P,PELL_COMM_CD_TABLE,PELL_COMM_CD_TABLE,0,2,2
DESIGN_FINANCIAL_AID2,SETUP_N-P,PELL_SETUP_PNL,PELL_INST_ADDRESS,0,2,2
DESIGN_FINANCIAL_AID2,SETUP_N-P,PELL_SETUP_PNL,PELL_SETUP_PNL,0,2,2
DESIGN_FINANCIAL_AID2,SETUP_N-P,PRCSDEMOTBL,FA_PRCSDEMO_TBL,0,2,2
DESIGN_FINANCIAL_AID2,INQUIRE,DISB_AUTH_CAL_SUMRY,AUTH_CAL_SUMRY,0,2,2
DESIGN_FINANCIAL_AID2,INQUIRE,DISB_AUTH_CAL_SUMRY,DISB_CAL_SUMRY,0,2,2
DESIGN_FINANCIAL_AID2,SETUP R-Z,AID_YEAR_PROGRAM,AID_YEAR_PROGRAM,0,2,2
DESIGN_FINANCIAL_AID2,SETUP R-Z,SCHOOL_CODES_FOR_INSTITUTION,SCHOOL_CODES_FOR_INSTITUTION,0,2,2
DESIGN_FINANCIAL_AID2,SETUP R-Z,SFA_SULA_LD_TBL,SFA_SULA_LD_TBL,0,2,2
DESIGN_FINANCIAL_AID2,SETUP R-Z,SS_FA_LOAN_STATUS,SS_FA_LOAN_STAT,0,2,2
DESIGN_FINANCIAL_AID2,SETUP R-Z,TERM_VALUES_XREF,TERM_VALUES_XREF,0,2,2
EXCHANGE_FIN_AID_DATA,USE,SEND_SIGNATURE,ISIR_SIGNATURE,0,2,2
EXCHANGE_FIN_AID_DATA,USE,NSLDS_CHANGE_RVW,NSLDS_CHANGE_RVW,0,2,2
EXCHANGE_FIN_AID_DATA,USE,SFA_NSLDS_SUSP_MGM,NSLDS_SUSP_MGMT,0,2,2
EXCHANGE_FIN_AID_DATA,PROCESS2,SFA_PF_DELETE,PROF_DELETE,0,2,2
EXCHANGE_FIN_AID_DATA,INQUIRE,SFA_PF_IN_LOAD,SFA_PF_IN_LOAD,0,2,2
EXCHANGE_FIN_AID_DATA,INQUIRE,ISIR_24_IN_SRCH,ISIR_24_IN_SRCH,0,2,2
EXCHANGE_FIN_AID_DATA,INQUIRE,ISIR_24_OUT_REPORT,ISIR_24_OUTBOUND,0,2,2
EXCHANGE_FIN_AID_DATA,INQUIRE,ISIR_EDI_CORR_24,ISIR_CORR_HD_TEST,0,2,2
EXCHANGE_FIN_AID_DATA,INQUIRE,ISIR_EDI_CORR_24,ISIR_CORR_A,0,2,2
EXCHANGE_FIN_AID_DATA,INQUIRE,ISIR_EDI_CORR_24,ISIR_SIGN_A,0,2,2
EXCHANGE_FIN_AID_DATA,USE,ISIR_SUSP_CNTRL_24,ISIR_SUSP_CNTRPI24,0,2,2
EXCHANGE_FIN_AID_DATA,USE,CORRECTION_MANAGEMENT,CORRECTION_EDITOR,0,2,2
EXCHANGE_FIN_AID_DATA,USE,FA_EDI_ECQUEUE,FA_EDI_ECQUEUE,0,2,2
EXCHANGE_FIN_AID_DATA,USE,SCHOOL_CHOICE_ADDITIONS,INCLUDE_INSTITUTION_TO_ISIR_SC,0,2,2
EXCHANGE_FIN_AID_DATA,INQUIRE,ISIR_25_OUT_REPORT,ISIR_25_OUTBOUND,0,2,2
EXCHANGE_FIN_AID_DATA,INQUIRE,ISIR_EDI_CORR_25,ISIR_CORR_HD_TEST,0,2,2
EXCHANGE_FIN_AID_DATA,INQUIRE,ISIR_EDI_CORR_25,ISIR_CORR_A,0,2,2
EXCHANGE_FIN_AID_DATA,INQUIRE,ISIR_EDI_CORR_25,ISIR_SIGN_A,0,2,2
EXCHANGE_FIN_AID_DATA,USE,ISIR_SUSP_CNTRL_25,ISIR_SUSP_CNTRPI25,0,2,2
EXCHANGE_FIN_AID_DATA,INQUIRE,ISIR_25_IN_SRCH,ISIR_25_IN_SRCH,0,2,2
EXCHANGE_FIN_AID_DATA,INQUIRE,ISIR_22_OUT_REPORT,ISIR_22_OUTBOUND,0,2,2
EXCHANGE_FIN_AID_DATA,INQUIRE,ISIR_23_IN_SRCH,ISIR_23_IN_SRCH,0,2,2
EXCHANGE_FIN_AID_DATA,INQUIRE,ISIR_23_OUT_REPORT,ISIR_23_OUTBOUND,0,2,2
EXCHANGE_FIN_AID_DATA,INQUIRE,ISIR_EDI_CORR_23,ISIR_CORR_HD_TEST,0,2,2
EXCHANGE_FIN_AID_DATA,INQUIRE,ISIR_EDI_CORR_23,ISIR_CORR_A,0,2,2
EXCHANGE_FIN_AID_DATA,INQUIRE,ISIR_EDI_CORR_23,ISIR_SIGN_A,0,2,2
EXCHANGE_FIN_AID_DATA,USE,ISIR_SUSP_CNTRL_23,ISIR_SUSP_CNTRPI23,0,2,2
EXCHANGE_FIN_AID_DATA,INQUIRE,ISIR_EDI_CORR_22,ISIR_CORR_HD_TEST,0,2,2
EXCHANGE_FIN_AID_DATA,INQUIRE,ISIR_EDI_CORR_22,ISIR_CORR_A,0,2,2
EXCHANGE_FIN_AID_DATA,INQUIRE,ISIR_EDI_CORR_22,ISIR_SIGN_A,0,2,2
FINANCIAL_AID_HISTORY,MENUITEM1,ISIR_SUSP_CNTRL_17,ISIR_SUSP_CNTRPI17,0,2,2
FINANCIAL_AID_HISTORY,MENUITEM1,INAS_SUMMARY_17,INST_INAS_SMRY_17,0,2,2
FINANCIAL_AID_HISTORY,MENUITEM1,FA_APP_HIST_TRNSFR,FA_APP_HIST_TRNSFR,0,2,2
FINANCIAL_AID_HISTORY,MENUITEM1,MAINTAIN_INST_INFO_HIST,FAMILY_INFORMATION/SIGNATURES,0,2,2
FINANCIAL_AID_HISTORY,MENUITEM1,MAINTAIN_INST_INFO_HIST,PARENT'S_ASSETS,0,2,2
FINANCIAL_AID_HISTORY,MENUITEM1,MAINTAIN_INST_INFO_HIST,COMP._INCOME_(FED._METH),0,2,2
FINANCIAL_AID_HISTORY,MENUITEM1,MAINTAIN_INST_INFO_HIST,COMP._INCOME_(INST._METH),0,2,2
FINANCIAL_AID_HISTORY,MENUITEM1,MAINTAIN_INST_INFO_HIST,COMP._ASSET_1_(FED._METH),0,2,2
FINANCIAL_AID_HISTORY,MENUITEM1,MAINTAIN_INST_INFO_HIST,COMP._ASSET_1_(INST._METH),0,2,2
FINANCIAL_AID_HISTORY,MENUITEM1,MAINTAIN_INST_INFO_HIST,COMP._ALLWNCES_1_(INST._METH),0,2,2
FINANCIAL_AID_HISTORY,MENUITEM1,MAINTAIN_INST_INFO_HIST,COMP._ALLWNCES_2_(INST._METH),0,2,2
FINANCIAL_AID_HISTORY,MENUITEM1,MAINTAIN_INST_INFO_HIST,COMP._ASSET_2_(FED._METH),0,2,2
FINANCIAL_AID_HISTORY,MENUITEM1,MAINTAIN_INST_INFO_HIST,COMP._ASSET_2_(INST._METH),0,2,2
FINANCIAL_AID_HISTORY,MENUITEM1,MAINTAIN_INST_INFO_HIST,COMP._ALLWNCES_(FED._METH),0,2,2
FINANCIAL_AID_HISTORY,MENUITEM1,MAINTAIN_INST_INFO_HIST,CONTRIBUTION_SUMMARY,0,2,2
FINANCIAL_AID_HISTORY,MENUITEM1,MAINTAIN_INST_INFO_HIST,INST_CORR_WRK,0,2,2
FINANCIAL_AID_HISTORY,MENUITEM1,MAINTAIN_INST_INFO_HIST,PARENT_PRIOR/EXPECTED_INCOME,0,2,2
FINANCIAL_AID_HISTORY,MENUITEM1,MAINTAIN_INST_INFO_HIST,PARENT_CURRENT_INCOME,0,2,2
FINANCIAL_AID_HISTORY,MENUITEM1,MAINTAIN_INST_INFO_HIST,PARENT'S_HOUSEHOLD,0,2,2
FINANCIAL_AID_HISTORY,MENUITEM1,MAINTAIN_INST_INFO_HIST,"STUDENT_ASSET,_TRUST,_EXPENSE",0,2,2
FINANCIAL_AID_HISTORY,MENUITEM1,MAINTAIN_INST_INFO_HIST,STUDENT_GENERAL_INFO,0,2,2
FINANCIAL_AID_HISTORY,MENUITEM1,MAINTAIN_INST_INFO_HIST,STUDENT_INCOME_AND_BENEFITS,0,2,2
FINANCIAL_AID_HISTORY,MENUITEM1,MAINTAIN_INST_INFO_HIST,STUDENT'S_EXPECTED_RESOURCES,0,2,2
FINANCIAL_AID_HISTORY,MENUITEM1,RETURN_TIV_FUNDS,STDNT_RTRN_TIV_WK2,0,2,2
FINANCIAL_AID_HISTORY,MENUITEM1,RETURN_TIV_FUNDS,STDNT_RTRN_TIV_WK3,0,2,2
FINANCIAL_AID_HISTORY,MENUITEM1,RETURN_TIV_FUNDS,STDNT_RTRN_TIV_AID,0,2,2
FINANCIAL_AID_HISTORY,MENUITEM1,RETURN_TIV_FUNDS,STDNT_RTRN_TIV_WK4,0,2,2
FINANCIAL_AID_HISTORY,MENUITEM1,RETURN_TIV_FUNDS,STDNT_RTRN_TIV_WK1,0,2,2
FINANCIAL_AID_HISTORY,MENUITEM1,RTRN_TIV_STU_TRACK,RTRN_TIV_STU_TRACK,0,2,2
FINANCIAL_AID_HISTORY,MENUITEM1,TIV_PWD_TRACKING,TIV_PWD_TRACKING,0,2,2
FINANCIAL_AID_HISTORY,MENUITEM1,TIV_RTRN_TRACKING,TIV_RTRN_TRACKING2,0,2,2
FINANCIAL_AID_HISTORY,MENUITEM1,TIV_RTRN_TRACKING,TIV_RTRN_TRACKING,0,2,2
FINANCIAL_AID_HISTORY,MENUITEM2,DL_EC_HIST_TRNSFR,DL_EC_HIST_TRNSFR,0,2,2
FINANCIAL_AID_HISTORY,MENUITEM1,ISIR_17_IN_SRCH,ISIR_17_IN_SRCH,0,2,2
FINANCIAL_AID_HISTORY,MENUITEM1,INAS_SUMMARY_18,INST_INAS_SMRY_18,0,2,2
FINANCIAL_AID_HISTORY,MENUITEM1,ISIR_18_IN_SRCH,ISIR_18_IN_SRCH,0,2,2
FINANCIAL_AID_HISTORY,MENUITEM1,ISIR_SUSP_CNTRL_18,ISIR_SUSP_CNTRPI18,0,2,2
FINANCIAL_AID_HISTORY,MENUITEM1,SFA_VERIFICATION18,SFA_VER_FAA_INFO,0,2,2
FINANCIAL_AID_HISTORY,MENUITEM1,SFA_VERIFICATION18,VERIF02_FORM1,0,2,2
FINANCIAL_AID_HISTORY,MENUITEM1,SFA_VERIFICATION18,VERIF12_FORM2,0,2,2
FINANCIAL_AID_HISTORY,MENUITEM1,SFA_VERIFICATION18,SFA_FEDADFIN_IN_14,0,2,2
FINANCIAL_AID_HISTORY,MENUITEM1,SFA_VERIFICATION18,SFA_FED_UNTAX_INC,0,2,2
FINANCIAL_AID_HISTORY,MENUITEM1,SFA_VERIFICATION18,SFA_INST_UTX_IN_15,0,2,2
FINANCIAL_AID_HISTORY,MENUITEM1,SFA_VERIFICATION18,SFA_INSTOTH_TAX_15,0,2,2
FINANCIAL_AID_HISTORY,MENUITEM1,SFA_VERIFICATION18,VERIF_TAX_CONSL_12,0,2,2
FINANCIAL_AID_HISTORY,MENUITEM1,SFA_VERIFICATION18,VERIF03_FORM3,0,2,2
FINANCIAL_AID_HISTORY,MENUITEM1,SFA_VERIFICATION18,VERIF02_FORM_WSA,0,2,2
FINANCIAL_AID_HISTORY,MENUITEM1,SFA_VERIFICATION18,VERIF04_FORM_WSB,0,2,2
FINANCIAL_AID_HISTORY,MENUITEM1,SFA_VERIFICATION18,VERIF02_FORM_WSC,0,2,2
MANAGE_NEED_ANALYSIS,USE2,INAS_SIMULATION_19,INAS_SIM_OVRD_15,0,2,2
MANAGE_NEED_ANALYSIS,USE2,INAS_SIMULATION_19,INAS_SIM_PAR1_15,0,2,2
MANAGE_NEED_ANALYSIS,USE2,INAS_SIMULATION_19,INAS_SIM_PAR2_15,0,2,2
MANAGE_NEED_ANALYSIS,USE2,INAS_SIMULATION_19,INAS_SIM_STU1_15,0,2,2
MANAGE_NEED_ANALYSIS,USE2,INAS_SIMULATION_19,INAS_SIM_STU2_15,0,2,2
MANAGE_NEED_ANALYSIS,USE2,INAS_SIMULATION_23,INAS_SIM_OVRD_15,0,2,2
MANAGE_NEED_ANALYSIS,USE2,INAS_SIMULATION_23,INAS_SIM_PAR1_21,0,2,2
MANAGE_NEED_ANALYSIS,USE2,INAS_SIMULATION_23,INAS_SIM_PAR2_15,0,2,2
MANAGE_NEED_ANALYSIS,USE2,INAS_SIMULATION_23,INAS_SIM_STU1_21,0,2,2
MANAGE_NEED_ANALYSIS,USE2,INAS_SIMULATION_23,INAS_SIM_STU2_15,0,2,2
MANAGE_NEED_ANALYSIS,INQUIRE,INAS_SUMMARY_22_23,INST_INAS_SMRY_23,0,2,2
MANAGE_NEED_ANALYSIS,USE2,INAS_SIMULATION_20,INAS_SIM_OVRD_15,0,2,2
MANAGE_NEED_ANALYSIS,USE2,INAS_SIMULATION_20,INAS_SIM_PAR1_15,0,2,2
MANAGE_NEED_ANALYSIS,USE2,INAS_SIMULATION_20,INAS_SIM_PAR2_15,0,2,2
MANAGE_NEED_ANALYSIS,USE2,INAS_SIMULATION_20,INAS_SIM_STU1_15,0,2,2
MANAGE_NEED_ANALYSIS,USE2,INAS_SIMULATION_20,INAS_SIM_STU2_15,0,2,2
MANAGE_NEED_ANALYSIS,USE2,INAS_SIMULATION_21,INAS_SIM_OVRD_15,0,2,2
MANAGE_NEED_ANALYSIS,USE2,INAS_SIMULATION_21,INAS_SIM_PAR1_21,0,2,2
MANAGE_NEED_ANALYSIS,USE2,INAS_SIMULATION_21,INAS_SIM_PAR2_15,0,2,2
MANAGE_NEED_ANALYSIS,USE2,INAS_SIMULATION_21,INAS_SIM_STU1_21,0,2,2
MANAGE_NEED_ANALYSIS,USE2,INAS_SIMULATION_21,INAS_SIM_STU2_15,0,2,2
MANAGE_NEED_ANALYSIS,INQUIRE,BUDGET_REVIEW,BUDGET_SUMMARY,0,2,2
MANAGE_NEED_ANALYSIS,INQUIRE,INST_CORRECTION_AUDITS,INST_CORRECTION_AUDITS,0,2,2
MANAGE_NEED_ANALYSIS,INQUIRE,ISIR_CORRECTION_AUDITS,ISIR_CORRECTION_AUDITS,0,2,2
MANAGE_NEED_ANALYSIS,INQUIRE,STDNT_BDGT_ASGN,STDNT_BUDGET_ASGN,0,2,2
MANAGE_NEED_ANALYSIS,INQUIRE,STDNT_VERIF_DTL,STDNT_VERIF_DTL1,0,2,2
MANAGE_NEED_ANALYSIS,INQUIRE,VERIF_COMP_SMRY,VERIF_COMP_SMRY,0,2,2
MANAGE_NEED_ANALYSIS,INQUIRE,VERIF_CONSL_SMRY,VERIF_CONSL_SMRY,0,2,2
MANAGE_NEED_ANALYSIS,USE,AUTO_VERIFICATION,VERIF_COMP_DTL,0,2,2
MANAGE_NEED_ANALYSIS,INQUIRE,INAS_SUMMARY_23_24,INST_INAS_SMRY_24,0,2,2
MANAGE_NEED_ANALYSIS,USE2,INAS_SIMULATION_24,INAS_SIM_OVRD_24,0,2,2
MANAGE_NEED_ANALYSIS,USE2,INAS_SIMULATION_24,INAS_SIM_PAR1_24,0,2,2
MANAGE_NEED_ANALYSIS,USE2,INAS_SIMULATION_24,INAS_SIM_PAR2_24,0,2,2
MANAGE_NEED_ANALYSIS,USE2,INAS_SIMULATION_24,INAS_SIM_STU1_24,0,2,2
MANAGE_NEED_ANALYSIS,USE2,INAS_SIMULATION_24,INAS_SIM_STU2_24,0,2,2
MANAGE_NEED_ANALYSIS,USE,REVIEW_USER_EDITS,STDNT_FA_EDIT_MSGS,0,2,2
MANAGE_NEED_ANALYSIS,USE,STDNT_BDGT_CALC,STDNT_BDGT_CALC,0,2,2
MANAGE_NEED_ANALYSIS,USE2,INAS_SIMULATION_18,INAS_SIM_OVRD_15,0,2,2
MANAGE_NEED_ANALYSIS,USE2,INAS_SIMULATION_18,INAS_SIM_PAR1_15,0,2,2
MANAGE_NEED_ANALYSIS,USE2,INAS_SIMULATION_18,INAS_SIM_PAR2_15,0,2,2
MANAGE_NEED_ANALYSIS,USE2,INAS_SIMULATION_18,INAS_SIM_STU1_15,0,2,2
MANAGE_NEED_ANALYSIS,USE2,INAS_SIMULATION_18,INAS_SIM_STU2_15,0,2,2
MANAGE_NEED_ANALYSIS,INQUIRE,INAS_SUMMARY_24_25,INST_INAS_SMRY_25,0,2,2
MANAGE_NEED_ANALYSIS,USE,SFA_VERIFICATION25,VERIF19_FORM1,0,2,2
MANAGE_NEED_ANALYSIS,USE,SFA_VERIFICATION25,VERIF21_FORM2,0,2,2
MANAGE_NEED_ANALYSIS,USE,SFA_VERIFICATION25,VERIF19_FORM3,0,2,2
MANAGE_NEED_ANALYSIS,USE,SFA_VERIFICATION25,SFA_FEDADFIN_IN_19,0,2,2
MANAGE_NEED_ANALYSIS,USE,SFA_VERIFICATION25,SFA_FED_UNTX_IN_19,0,2,2
MANAGE_NEED_ANALYSIS,USE,SFA_VERIFICATION25,SFA_INST_UTX_IN_19,0,2,2
MANAGE_NEED_ANALYSIS,USE,SFA_VERIFICATION25,SFA_INSTOTH_TAX_21,0,2,2
MANAGE_NEED_ANALYSIS,USE,SFA_VERIFICATION25,VERIF_TAX_CONSL_19,0,2,2
MANAGE_NEED_ANALYSIS,USE,SFA_VERIFICATION25,VERIF02_FORM_WSA,0,2,2
MANAGE_NEED_ANALYSIS,USE,SFA_VERIFICATION25,VERIF04_FORM_WSB,0,2,2
MANAGE_NEED_ANALYSIS,USE,SFA_VERIFICATION25,VERIF02_FORM_WSC,0,2,2
MANAGE_NEED_ANALYSIS,USE2,INAS_SIMULATION_22,INAS_SIM_OVRD_15,0,2,2
MANAGE_NEED_ANALYSIS,USE2,INAS_SIMULATION_22,INAS_SIM_PAR1_21,0,2,2
MANAGE_NEED_ANALYSIS,USE2,INAS_SIMULATION_22,INAS_SIM_PAR2_15,0,2,2
MANAGE_NEED_ANALYSIS,USE2,INAS_SIMULATION_22,INAS_SIM_STU1_21,0,2,2
MANAGE_NEED_ANALYSIS,USE2,INAS_SIMULATION_22,INAS_SIM_STU2_15,0,2,2
PACKAGE_AID,INQUIRE1,AGGREGATE_AID,STDNT_AGGR_AWDS,0,2,2
PACKAGE_AID,INQUIRE1,AGGREGATE_AID,STDNT_AGGR_SCHL,0,2,2
PACKAGE_AID,INQUIRE1,ANTICIPATED_AID_ITEM_TYPE,ANTICIPATED_AID_DETAIL,0,2,2
PACKAGE_AID,INQUIRE1,ANTICIPATED_AID_TERM,ANTICIPTD_AID_SUMM,0,2,2
PACKAGE_AID,INQUIRE1,AS_OF_STATUS,AS_OF_AWRD_SUMMRY,0,2,2
PACKAGE_AID,INQUIRE1,AS_OF_STATUS,AS_OF_ISIR_SUMMRY,0,2,2
PACKAGE_AID,INQUIRE1,AWARD_ACTIVITY_SUMMARY,ACTIVITY_LOG,0,2,2
PACKAGE_AID,INQUIRE1,AWARD_CATEGORY_SUMMARY,CATEGORY_SUMMARY,0,2,2
PACKAGE_AID,INQUIRE1,AWARD_NOTIF_INQ,AWARD_NOTIF_DETAIL,0,2,2
PACKAGE_AID,INQUIRE1,SFA_EA_LOAD_DTL,SFA_EA_LOAD_DTL,0,2,2
PACKAGE_AID,INQUIRE1,SFA_EA_LOAD_HDR,SFA_EA_LOAD_HDR,0,2,2
PACKAGE_AID,INQUIRE1,SFA_EA_STAGE_INQRY,SFA_EA_STAGE_INQRY,0,2,2
PACKAGE_AID,INQUIRE1,SFA_STU_AGGR_PROG,SFA_STDNT_AGGRPROG,0,2,2
PACKAGE_AID,INQUIRE1,STDNT_AWRD_INQUIRY,STDNT_AWRD_INQUIRY,0,2,2
PACKAGE_AID,INQUIRE1,STDNT_AWRD_INQUIRY,STDNT_AWRD_TERM,0,2,2
PACKAGE_AID,INQUIRE1,STDNT_DISB,STDNT_DISB1,0,2,2
PACKAGE_AID,INQUIRE2,PKG_BATCH_ERROR,PKG_BATCH_ERR,0,2,2
PACKAGE_AID,INQUIRE2,PKG_BATCH_STDNT,PKG_BATCH_STDNT,0,2,2
PACKAGE_AID,INQUIRE2,PKG_BATCH_STDNT,PKG_BATCH_AWD,0,2,2
PACKAGE_AID,INQUIRE2,PKG_BATCH_SUMM,PKG_BATCH_SUMM,0,2,2
PACKAGE_AID,INQUIRE2,SFA_BRPKG_DETAIL,SFA_BRPKG_AWDDTL,0,2,2
PACKAGE_AID,INQUIRE2,SFA_BRPKG_DETAIL,SFA_BRPKG_STUDTL,0,2,2
PACKAGE_AID,INQUIRE2,SFA_BRPKG_ERROR,SFA_BRPKG_ERROR,0,2,2
PACKAGE_AID,INQUIRE2,SFA_BRPKG_SUMM,SFA_BRPKG_SUMM,0,2,2
PACKAGE_AID,INQUIRE2,SFA_EA_SS_INQUIRY,SFA_EA_SS_INQUIRY,0,2,2
PACKAGE_AID,INQUIRE2,SS_FA_AU_STATUS,SS_FA_AU_STATUS,0,2,2
PACKAGE_AID,USE,ANTICIPTD_AID_EDIT,ANTICIPTD_AID_EDIT,0,2,2
PACKAGE_AID,USE,AWARD_ENTRY_MC,STDNT_AWARD_NEED,0,2,2
PACKAGE_AID,USE,AWARD_ENTRY_MC,STDNT_AWARD_ENTRY3,0,2,2
PACKAGE_AID,USE,AWARD_ENTRY_MC,STDNT_TERMDATA_SUM,0,2,2
PACKAGE_AID,USE,AWARD_MANUAL_MC,STDNT_AWARD_ENTRY5,0,2,2
PACKAGE_AID,USE,AWARD_MANUAL_MC,STDNT_AWARD_NEED,0,2,2
PACKAGE_AID,USE,AWARD_MANUAL_MC,STDNT_TERMDATA_SUM,0,2,2
PACKAGE_AID,USE,AWARD_NOTIF_DETAIL,AWARD_NOTIF_DETAIL,0,2,2
PACKAGE_AID,USE,AWARD_OVERRIDE_MC,STDNT_AWARD_NEED,0,2,2
PACKAGE_AID,USE,AWARD_OVERRIDE_MC,STDNT_AWARD_ENTRY4,0,2,2
PACKAGE_AID,USE,AWARD_OVERRIDE_MC,STDNT_TERMDATA_SUM,0,2,2
PACKAGE_AID,USE,AWARD_SUMMARY_MASS_ACTION,MASS_ACTIONS,0,2,2
PACKAGE_AID,USE,DISBURSE_AID,STDNT_DISB_PROCESS,0,2,2
PACKAGE_AID,USE,DISBURSE_AID_WO,STDNT_DISB_PROC_WO,0,2,2
PACKAGE_AID,USE,FA_BPKG_PLANQRY,FA_BPKG_PLANQRY,0,2,2
PACKAGE_AID,USE,FA_BPKG_STDPLAN,FA_BPKG_STDPLAN,0,2,2
PACKAGE_AID,USE,MASS_PKG_STDLIST,FA_BPKG_STDLIST,0,2,2
PACKAGE_AID,USE,PACKAGING_STATUS_SUMMARY,STUDENT_AID_PACKAGE,0,2,2
PACKAGE_AID,USE,REVIEW_USER_EDITS,STDNT_FA_EDIT_MSGS,0,2,2
PACKAGE_AID,USE,SFA_EASTAGE_STDNT,SFA_EA_STAGE_STDNT,0,2,2
PACKAGE_AID,USE,SFA_EASTAGE_STDNT,SFA_EA_AWARD_SUMVW,0,2,2
PACKAGE_AID,USE,SFA_EA_STAGE_ADD,SFA_EA_STAGE_ADD,0,2,2
PACKAGE_AID,USE,SFA_EA_STAGE_MGMT,SFA_EA_STAGE_MGMT,0,2,2
PACKAGE_AID,USE,SFA_EA_STAGE_MGMT1,SFA_EA_STAGE_MGMT1,0,2,2
PACKAGE_AID,USE,SFA_EA_STAGE_MGMT2,SFA_EA_AWARD_SUMVW,0,2,2
PACKAGE_AID,USE,SFA_EA_STAGE_MGMT2,SFA_EA_STAGE_MGMT2,0,2,2
PACKAGE_AID,USE,SFA_EA_STAGE_MGMT3,SFA_EA_STAGE_MGMT3,0,2,2
PACKAGE_AID,USE,SFA_RPKG_PLAN_INQ,SFA_RPKG_PLAN_INQ,0,2,2
PACKAGE_AID,USE,SFA_RPKG_STDNTLIST,SFA_RPKG_STDNTLIST,0,2,2
PACKAGE_AID,USE,SFA_RPKG_STDNTPLAN,SFA_RPKG_STDNTPLAN,0,2,2
PACKAGE_AID,USE,SFA_TIV_PWD_TRACK,SFA_TIV_PWD_TRACK,0,2,2
PACKAGE_AID,USE,SFA_TIV_RTN_TRACK,SFA_TIV_RTN_TRACK2,0,2,2
PACKAGE_AID,USE,SFA_TIV_RTN_TRACK,SFA_TIV_RTN_TRACK,0,2,2
PACKAGE_AID,USE,SFA_TIV_STU_TRACK,SFA_TIV_STU_TRACK,0,2,2
PACKAGE_AID,USE,STDNT_AWD_PER_RSRC,STDNT_AWD_PER_RSRC,0,2,2
PROCESS_LOANS,USE,LOAN_ORIG_TRANS,LOAN_ORIG_TRANS,0,2,2
PROCESS_LOANS,USE,ORIGINATE_LOAN,LOAN_DL_DMO_CHG,0,2,2
PROCESS_LOANS,USE,ORIGINATE_LOAN,LOAN_DL_FIN_CHG,0,2,2
PROCESS_LOANS,USE,ORIGINATE_LOAN,LOAN_ORIG_CL4,0,2,2
PROCESS_LOANS,USE,ORIGINATE_LOAN,LOAN_ORIG_ERRORS,0,2,2
PROCESS_LOANS,USE,ORIGINATE_LOAN,LOAN_ORIG_STAT,0,2,2
PROCESS_LOANS,USE,ORIGINATE_LOAN,LOAN_ORIG_WORK,0,2,2
PROCESS_LOANS,USE,ORIGINATE_LOAN,LOAN_ORIGINATION1,0,2,2
PROCESS_LOANS,USE,ORIGINATE_LOAN,LOAN_ORIGINATION2,0,2,2
PROCESS_LOANS,USE,ORIGINATE_LOAN,LOAN_ORIGINATION3,0,2,2
PROCESS_LOANS,USE,SFA_CNSL_UPD_SUSP,SFA_CNSL_UPD_SUSP,0,2,2
PROCESS_LOANS,USE,SFA_CRC_ORIG,SFA_CRC_LN_ORIG_ER,0,2,2
PROCESS_LOANS,USE,SFA_CRC_ORIG,SFA_CRC_ORIG_STAT,0,2,2
PROCESS_LOANS,USE,SFA_CRC_ORIG,LOAN_ORIG_WORK,0,2,2
PROCESS_LOANS,USE,SFA_CRC_ORIG,SFA_CRC_LOAN_ORIG,0,2,2
PROCESS_LOANS,USE,SFA_CRC_ORIG,SFA_CRC_LN_ORIG_FN,0,2,2
PROCESS_LOANS,USE,SFA_CRC_ORIG,SFA_CRC_LN_ORIG_CL,0,2,2
PROCESS_LOANS,USE,SFA_CRC_PNOTE_ALT,SFA_CRC_PN_RELATN,0,2,2
PROCESS_LOANS,USE,SFA_CRC_PNOTE_ALT,SFA_CRC_PNOTE_ALT,0,2,2
PROCESS_LOANS,USE,SFA_CRC_PNOTE_PLUS,SFA_CRC_PN_RELATN,0,2,2
PROCESS_LOANS,USE,SFA_CRC_PNOTE_PLUS,SFA_CRC_PNOTE_PLUS,0,2,2
PROCESS_LOANS,USE,SFA_CRC_PNOTE_STAF,SFA_CRC_PNOTE_STAF,0,2,2
PROCESS_LOANS,USE,SFA_EXIT_CNSL_SUSP,SFA_EXIT_CNSL_SUSP,0,2,2
PROCESS_LOANS,USE,SFA_LNDR_SEL_VIEW,SFA_LNDR_SEL_VIEW,0,2,2
PROCESS_LOANS,USE,CL_PNOTE,LN_CL_PNOTE,0,2,2
PROCESS_LOANS,USE,CL_PNOTE,LN_CL_PN_RELATN,0,2,2
PROCESS_LOANS,USE,LN_CL_PNOTE_STAF,LN_CL_PNOTE_STAF,0,2,2
PROCESS_LOANS,USE,LN_DL_EMPL_PARM,LN_DL_EMPL_PARM,0,2,2
PROCESS_LOANS,USE,LN_DL_PNOTE,LN_DL_PNOTE,0,2,2
PROCESS_LOANS,USE,LN_INST_PNOTE,LOAN_ORIG_PNOTE,0,2,2
PROCESS_LOANS,USE,LN_ORIG_OVRD,LOAN_ORIG_ACK_DL01,0,2,2
PROCESS_LOANS,USE,LOAN_DEMO,SFA_LN_IBT_OVRD,0,2,2
PROCESS_LOANS,USE,LOAN_DEMO,LOAN_ADDRESS,0,2,2
PROCESS_LOANS,USE,LOAN_DEMO,LOAN_DMO_OVRD_DL,0,2,2
PROCESS_LOANS,USE,LOAN_DEMO,LOAN_EMAIL,0,2,2
PROCESS_LOANS,USE,LOAN_DEMO,LOAN_NAME,0,2,2
PROCESS_LOANS,USE,LOAN_DEMO,LOAN_PHONE,0,2,2
PROCESS_LOANS,USE,LOAN_DEMO,SFA_DL_SULA_OVRD,0,2,2
PROCESS_LOANS,USE,LOAN_DEMO,LOAN_ORIG_WORK,0,2,2
PROCESS_LOANS,USE,LOAN_DEMO,LOAN_ORIG_ELG_DL01,0,2,2
PROCESS_LOANS,USE,LOAN_ECQUEUE,FA_LN_EDI_ECQUEUE,0,2,2
PROCESS_LOANS,USE,LOAN_FUND_MAINT,LOAN_DISB_MAINT,0,2,2
PROCESS_LOANS,USE,LOAN_MANIFEST01,LOAN_MANIFEST,0,2,2
PROCESS_LOANS,USE,LOAN_ORIG_DL_01,LOAN_ORIG_STAT_DL0,0,2,2
PROCESS_LOANS,USE,LOAN_ORIG_DL_01,LOAN_ORIG_DMO_DL01,0,2,2
PROCESS_LOANS,USE,LOAN_ORIG_DL_01,LOAN_ORIG_FIN_DL01,0,2,2
PROCESS_LOANS,USE,LOAN_ORIG_DL_01,LOAN_ORIG_ELG_DL01,0,2,2
PROCESS_LOANS,USE,LOAN_ORIG_DL_01,LOAN_ORIG_WORK,0,2,2
PROCESS_LOANS,INQUIRE,DL_CHG_FIELD_XREF,DL_CHG_XREF,0,2,2
PROCESS_LOANS,INQUIRE,LN_DL_PNOTE_INQ,LN_DL_PNOTE_INQ,0,2,2
PROCESS_LOANS,INQUIRE,LN_HR_MSG_LOG,LN_HR_MSG_LOG,0,2,2
PROCESS_LOANS,INQUIRE,LN_MSG_INQ,LN_MSG_WRK,0,2,2
PROCESS_LOANS,INQUIRE,LN_MSG_INQ,LN_MSG_INQ,0,2,2
PROCESS_LOANS,INQUIRE,LN_XFER_ID_TBL,LN_XFER_ID_TBL,0,2,2
PROCESS_LOANS,INQUIRE,LOAN_DISBURSEMENT,LOAN_DISBURSEMENT,0,2,2
PROCESS_LOANS,INQUIRE,LOAN_DISBURSEMENT,SCC_SUM_WORK,0,2,2
PROCESS_LOANS,INQUIRE,LOAN_DL_INQ01,LN_DL_ORIG_INQ,0,2,2
PROCESS_LOANS,INQUIRE,LOAN_DL_INQ01,LN_DL_DISB_INQ,0,2,2
PROCESS_LOANS,INQUIRE,LOAN_DL_INQ01,SFA_DL_SULA_ACTN,0,2,2
PROCESS_LOANS,INQUIRE,LOAN_DL_INQ01,LN_MSG_WRK,0,2,2
PROCESS_LOANS,INQUIRE,LOAN_DL_INQ01,LN_MSG_INQ,0,2,2
PROCESS_LOANS,INQUIRE,MENUITEM2,LOAN_ORIG_TRNS_INQ,0,2,2
PROCESS_LOANS,INQUIRE,ORIGINATION_LOAN_SUMMARY,LOAN_ORIGINATION_SUMMARY,0,2,2
PROCESS_LOANS,INQUIRE,ORIGINATION_LOAN_SUMMARY,SCC_SUM_WORK,0,2,2
PROCESS_LOANS,INQUIRE,ORIGINATION_STUDENT_SUMMARY,STUDENT_LOAN_ORIGINATIONS,0,2,2
PROCESS_LOANS,INQUIRE,ORIGINATION_STUDENT_SUMMARY,SCC_SUM_WORK,0,2,2
PROCESS_LOANS,INQUIRE,SFA_CRC_ACTN_CD_I,SFA_CRC_ACTION_CD,0,2,2
PROCESS_LOANS,INQUIRE,SFA_CRC_FILE_REV,SFA_CRC_FILE_REV,0,2,2
PROCESS_LOANS,INQUIRE,SFA_CRC_LOAD,SFA_CRC_LOAD_VW,0,2,2
PROCESS_LOANS,INQUIRE,SFA_EXIT_CNSL_STG,SFA_EXIT_CNSL_DTL,0,2,2
PROCESS_LOANS,INQUIRE,SFA_EXIT_CNSL_STG,SFA_EXIT_CNSL_HDR,0,2,2
PROCESS_LOANS,INQUIRE,SFA_PERK_MPN_INDEB,SFA_PERK_MPN_INDEB,0,2,2
PROCESS_LOANS,MENUITEM9,BUSINESS_DOCUMENT_ERRORS,BUSINESS_DOCUMENT_DETAIL,0,2,2
PROCESS_LOANS,MENUITEM9,BUSINESS_DOCUMENT_ERRORS,BUSINESS_DOCUMENT_DATA,0,2,2
PROCESS_LOANS,MENUITEM9,BUSINESS_DOCUMENT_SUMMARY,SUMMARY,0,2,2
PROCESS_LOANS,MENUITEM9,BUSINESS_DOCUMENT_SUMMARY,EC_BUSDOC_02,0,2,2
PROCESS_LOANS,MENUITEM9,CL4_EFT_DETAIL,CL_EFT_DTL_V4B,0,2,2
PROCESS_LOANS,MENUITEM9,CL4_EFT_DETAIL,CL_EFT4_HEAD,0,2,2
PROCESS_LOANS,MENUITEM9,CL_CHX_EXP4,CL_CHX_DTL4_1,0,2,2
PROCESS_LOANS,MENUITEM9,CL_CHX_EXP4,CL_CHX_HEAD4,0,2,2
PROCESS_LOANS,MENUITEM9,CL_CHX_EXP4,CL_CHX_TRAL4,0,2,2
PROCESS_LOANS,MENUITEM9,CL_CHX_EXP4,CL_CHX_DTL4_2,0,2,2
PROCESS_LOANS,MENUITEM9,CL_EXP_EDI_V4,CL_EXP_ALT4,0,2,2
PROCESS_LOANS,MENUITEM9,CL_EXP_EDI_V4,CL_EXP_DTL4_MAIN,0,2,2
PROCESS_LOANS,MENUITEM9,CL_EXP_EDI_V4,CL_EXP_HEAD4,0,2,2
PROCESS_LOANS,MENUITEM9,CL_EXP_EDI_V4,CL_EXP_REF4,0,2,2
PROCESS_LOANS,MENUITEM9,CL_EXP_EDI_V4,CL_EXP_TRAIL4,0,2,2
PROCESS_LOANS,MENUITEM9,CL_IMP_EDI_V4,CL_IMP_ALT_V4,0,2,2
PROCESS_LOANS,MENUITEM9,CL_IMP_EDI_V4,CL_IMP_MAIN4,0,2,2
PROCESS_LOANS,MENUITEM9,CL_IMP_EDI_V4,CL_IMP_MAIN4_2,0,2,2
PROCESS_LOANS,MENUITEM9,CL_IMP_EDI_V4,CL_IMP_CHG_V4,0,2,2
PROCESS_LOANS,MENUITEM9,CL_IMP_EDI_V4,CL_IMP_HEAD4,0,2,2
PROCESS_LOANS,MENUITEM9,CL_IMP_EDI_V4,CL_IMP_MAIN4_1B,0,2,2
PROCESS_LOANS,MENUITEM9,CL_IMP_EDI_V4,CL_IMP_TRAIL4,0,2,2
PROCESS_LOANS,MENUITEM9,LOAN_LENDERS,LENDER_INQUIRE,0,2,2
PROCESS_LOANS,MENUITEM9,LOAN_SERVICERS,SERVICER_INQUIRY,0,2,2
PROCESS_LOANS,MENUITEM9,SFA_CRC_STAGE,SFA_CRC_AWARD,0,2,2
PROCESS_LOANS,MENUITEM9,SFA_CRC_STAGE,SFA_CRC_DISB,0,2,2
PROCESS_LOANS,MENUITEM9,SFA_CRC_STAGE,SFA_CRC_DOCUMENT,0,2,2
PROCESS_LOANS,MENUITEM9,SFA_CRC_STAGE,SFA_CRC_PERSON,0,2,2
PROCESS_LOANS,MENUITEM9,SFA_CRC_STAGE,SFA_CRC_ATTSCHL,0,2,2
PROCESS_LOANS,MENUITEM9,SFA_CRC_STAGE,SFA_CRC_STUDENT,0,2,2
PROCESS_LOANS,USE,SFA_PERK_MPN_TRACK,SFA_PERK_MPN_DATA,0,2,2
PROCESS_LOANS,USE,SFA_PERK_MPN_TRACK,SFA_PERK_MPN_REFER,0,2,2
PROCESS_LOANS,USE,SFA_PERK_MPN_TRACK,SFA_PERK_MPN_TRACK,0,2,2
PROCESS_PELL_PMT,INQUIRE,PELL_00_OUTBOUND,PELL_00_OUTBOUND,0,2,2
PROCESS_PELL_PMT,INQUIRE,PELL_INBOUND_00,PELL_DISBACK_00,0,2,2
PROCESS_PELL_PMT,INQUIRE,PELL_INBOUND_00,PELL_HEADER_00,0,2,2
PROCESS_PELL_PMT,INQUIRE,PELL_INBOUND_00,PELL_ORGACK_00,0,2,2
PROCESS_PELL_PMT,INQUIRE,PELL_INBOUND_00,PELL_SDBACK_00,0,2,2
PROCESS_PELL_PMT,INQUIRE,PELL_INBOUND_00,PELL_TRAILER_00,0,2,2
PROCESS_PELL_PMT,INQUIRE,PELL_INST_IN_00,PELL_HEADER_00,0,2,2
PROCESS_PELL_PMT,INQUIRE,PELL_INST_IN_00,PELL_TRAILER_00,0,2,2
PROCESS_PELL_PMT,INQUIRE,PELL_INST_IN_00,PELL_SARD_00,0,2,2
PROCESS_PELL_PMT,INQUIRE,PELL_INST_IN_00,PELL_SAR_00,0,2,2
PROCESS_PELL_PMT,INQUIRE,PELL_INST_OUT_00,PELL_DREQ_00,0,2,2
PROCESS_PELL_PMT,INQUIRE,PELL_INST_OUT_00,PELL_HEADER_00,0,2,2
PROCESS_PELL_PMT,INQUIRE,PELL_INST_OUT_00,PELL_IDR_00,0,2,2
PROCESS_PELL_PMT,INQUIRE,PELL_INST_OUT_00,PELL_TRAILER_00,0,2,2
PROCESS_PELL_PMT,INQUIRE,PELL_MRR_00,PELL_HEADER_00,0,2,2
PROCESS_PELL_PMT,INQUIRE,PELL_MRR_00,PELL_MRR_00,0,2,2
PROCESS_PELL_PMT,INQUIRE,PELL_MRR_00,PELL_TRAILER_00,0,2,2
PROCESS_PELL_PMT,INQUIRE,PELL_MRR_00,PELL_MRR_00_INST,0,2,2
PROCESS_PELL_PMT,INQUIRE,PELL_REC_IN_00,PELL_HEADER_00,0,2,2
PROCESS_PELL_PMT,INQUIRE,PELL_REC_IN_00,PELL_RECON_00,0,2,2
PROCESS_PELL_PMT,INQUIRE,PELL_REC_IN_00,PELL_TRAILER_00,0,2,2
PROCESS_PELL_PMT,INQUIRE,PELL_YTD_00,PELL_HEADER_00,0,2,2
PROCESS_PELL_PMT,INQUIRE,PELL_YTD_00,PELL_TRAILER_00,0,2,2
PROCESS_PELL_PMT,INQUIRE,PELL_YTD_00,PELL_YTDDSB_00,0,2,2
PROCESS_PELL_PMT,INQUIRE,PELL_YTD_00,PELL_YTDORG_00,0,2,2
PROCESS_PELL_PMT,INQUIRE,PELL_YTD_00,PELL_YTDSUM_00,0,2,2
PROCESS_PELL_PMT,INQUIRE,SFA_COD_INQUIRY,SFA_COD_AWARD,0,2,2
PROCESS_PELL_PMT,INQUIRE,SFA_COD_INQUIRY,SFA_COD_DOCUMENT,0,2,2
PROCESS_PELL_PMT,INQUIRE,SFA_COD_INQUIRY,SFA_COD_SCHOOL_INF,0,2,2
PROCESS_PELL_PMT,INQUIRE,SFA_COD_INQUIRY,SFA_COD_DISB,0,2,2
PROCESS_PELL_PMT,INQUIRE,SFA_COD_INQUIRY,SFA_COD_STUDENT,0,2,2
PROCESS_PELL_PMT,USE,PELL_ORIGINATION,PELL_DISB_1,0,2,2
PROCESS_PELL_PMT,USE,PELL_ORIGINATION,PELL_ORIG_1,0,2,2
PROCESS_PELL_PMT,USE,PELL_ORIGINATION,PELL_DISB_2,0,2,2
SFA_FWS,USE,SFA_FWS,SFA_FWS_ACTN_DTL,0,2,2
SFA_FWS,USE,SFA_FWS,SFA_FWS1,0,2,2
SFA_FWS,USE,SFA_FWS_INQUIRY,SFA_FWS_AWARD,0,2,2
SFA_FWS,USE,SFA_FWS_INQUIRY,SFA_FWS_DOCUMENT,0,2,2
SFA_FWS,USE,SFA_FWS_INQUIRY,SFA_FWS_SCHL_INF,0,2,2
SFA_FWS,USE,SFA_FWS_INQUIRY,SFA_FWS_STUDENT,0,2,2
SFA_HIDDEN,MENUITEM1,FA_INST_PLANQRY,FA_INST_PLANQRY,0,2,2
SFA_HIDDEN,MENUITEM1,FA_INST_STDLIST,FA_INST_STDLIST,0,2,2
SFA_HIDDEN,MENUITEM1,FA_INST_STDPLAN,FA_INST_STDPLAN,0,2,2
SFA_NAC_TEST,USE,CLI_FEATURE_TOOL,SFA_TEST_CLI,0,2,2
SFA_NAC_TEST,USE,CLI_FEATURE_TOOL,SFA_NAC_FMH,0,2,2
SFA_NAC_TEST,USE,IM_TEST_HARNESS,SFA_NAC_IM_JSON,0,2,2
SFA_NAC_TEST,USE,IM_TEST_HARNESS,SFA_NAC_IM_TEST,0,2,2
SFA_PELL_SCHEDLOAD,PELLSCHED,LOADPELLSCHED,SFA_PELL_SCHEDLOAD,0,2,2
SFA_PELL_SCHEDLOAD,PELLSCHED,SFA_PELL_SCHEDCOMP,SFA_PELL_SCHEDCOMP,0,2,2
SFA_SAP_FINANCIAL_AID,SETUP,SFA_SAP_ET_AYR,SFA_SAP_ET_AYR,0,2,2
SFA_SAP_FINANCIAL_AID,USE,SFA_SAP_RPT,SFA_SAP_STDNT_RPT,0,2,2
TRACK_STUDENT_CAREERS,INQUIRE,STDNT_GROUPS_INQS,STDNT_GROUPS_SINQ,0,2,2
UC_COMPONENTS,USE,MENUITEM1,UC_GEN_MAPVAL,0,2,2
UC_COMPONENTS,USE,UC_FILENM_TMPLT,UC_FILENM_TMPLT,0,2,2
UC_COMPONENTS,USE,UC_FILE_DEFN,UC_FILE_DEFN,0,2,2
UC_COMPONENTS,USE,UC_FILE_EXPORT,UC_GEN_EXPORT,0,2,2
UC_COMPONENTS,USE,UC_FILE_IMPORT,UC_GEN_IMPORT,0,2,2
UC_COMPONENTS,USE,UC_FILE_IMPORT_LOG,UC_FILE_LOG,0,2,2
UC_COMPONENTS,USE,UC_FILE_SRC,UC_FILE_SRC_HDR,0,2,2
UC_COMPONENTS,USE,UC_FILE_SRC,UC_FILE_SRC_DET,0,2,2
UC_COMPONENTS,USE,UC_FILE_SRC,UC_FILE_SERVER,0,2,2
UC_COMPONENTS,USE,UC_FILE_SRC,UC_FILE_SRC_SEC,0,2,2
UC_COMPONENTS,USE,UC_FILE_SUMM,UC_FILE_LOG_DET,0,2,2
UC_COMPONENTS,USE,UC_FILE_SUMM,UC_FILE_SUMM,0,2,2
UC_COMPONENTS,USE,UC_FOLDER_TMPLT,UC_FOLDER_TMPLT,0,2,2
UC_COMPONENTS,USE,UC_FTP_CMD,UC_FTP_CMD,0,2,2
UC_COMPONENTS,USE,UC_FTP_UI,UC_FTP_UI,0,2,2
UC_COMPONENTS,USE,UC_FTP_UI,UC_FTP_UI_KEY,0,2,2
UC_COMPONENTS,USE,UC_FTP_UI,UC_FTP_UI_LOG,0,2,2
UC_COMPONENTS,USE,UC_IEDEFN,UC_IEDEFN3,0,2,2
UC_COMPONENTS,USE,UC_IEDEFN,UC_IEDEFN,0,2,2
UC_COMPONENTS,USE,UC_IEDEFN,UC_IEDEFN2,0,2,2
UC_COMPONENTS,USE,UC_IEMAPDEFN,UC_IEMAPDTL,0,2,2
UC_COMPONENTS,USE,UC_IEMAPDEFN,UC_IEMAPHDR,0,2,2
UC_COMPONENTS,USE,UC_IE_PROCESS,UC_IE_PROCESS,0,2,2
UC_COMPONENTS,USE,UC_TRIGGERDEFN,UC_TRIGGERDEFN,0,2,2
UC_COMPONENTS,USE,UC_TRIGGERDEFN,UC_TRIGGER_EXEC,0,2,2
UC_FA_ACS,USE,UC_FA_ACS,UC_FA_ACS,0,2,2
UC_FA_AP_PART_FL,USE,UC_FA_AP_PART_FL,UC_FA_AP_PART_FL,0,2,2
UC_FA_BGT_TBL,SETUP,UC_FA_BGT_TBL,UC_FA_BGT_TBL,0,2,2
UC_FA_FAFSA_QA,USE,UC_INAS_TEST,UC_INAS_TEST,0,2,2
UC_FA_SUMR_ADM,SETUP,UC_FA_SUMR_ADM,UC_FA_SUMR_ADM,0,6,6
UC_FA_TITL4_TBL,SETUP,UC_FA_TITL4_TBL,UC_FA_TITL4_TBL,0,6,6
UC_FA_T_C_2TBL,SETUP,UC_FA_T_C_2TBL,UC_FA_T_C_TBL,0,6,6
UC_PERSON_PROFILE,SETUP,UC_HOUSTYP_XWLK,UC_HOUSTYP_XWLK,0,2,2
UC_PERSON_PROFILE,USE,UC_STD_HOUSOPT_FLU,UC_STD_HOUSOPT_FLU,0,2,2
SCC_TASK_MGMT,USE,SCC_TM_ADMN_WRKCTR,SCC_TM_ADMN_WRKCTR,0,2,2
SCC_TASK_MGMT,USE,SCC_TM_ADM_LIST,SCC_TM_ADM_LIST,0,2,2
SCC_TASK_MGMT,USE,SCC_TM_AGRMNT,SCC_TM_AGRMNT,0,2,2
CREATE_COMMENTS,USE,CREATE_COMMENTS,COMMENT_ENTRY,0,2,2
CCI_COMMUNICATION_CENTER,SETUP,CCI_COMM_INST_TBL,CCI_COMM_INST_TBL,0,2,2
CCI_COMMUNICATION_CENTER,PROCESS,CCI_COMM_MSG_EXP,CCI_COMM_MSG_EXP,0,2,2
MANAGE_COMMUNICATIONS,PROCESS,RUN_CNTL_3CENGINE,RUN_CNTL_3CENGINE,0,2,2
MANAGE_COMMUNICATIONS,PROCESS,RUN_CNTL_3CENGINE,MANAGE_DUP_ASSIGN,0,2,2
MANAGE_COMMUNICATIONS,PROCESS,RUN_CNTL_3CENGINE,RUN_CNTL_3C_MC,0,2,2
MANAGE_COMMUNICATIONS,PROCESS,SCC_CG_RUNCTL,SCC_COMM_CHKLST,0,2,2
MANAGE_COMMUNICATIONS,PROCESS,SCC_CG_RUNCTL,SCC_CG_RUNCTL_EMAL,0,2,2
MANAGE_COMMUNICATIONS,PROCESS,SCC_CG_RUNCTL,SCC_CG_RUNCTL2,0,2,2
MANAGE_COMMUNICATIONS,PROCESS,SCC_CG_RUNCTL,SCC_CG_RUNCTL1,0,2,2
MANAGE_COMMUNICATIONS,USE,COMMUNICATION_MANAGEMENT,COMM_RECPNT_DATA,0,2,2
MANAGE_COMMUNICATIONS,USE,COMMUNICATION_MANAGEMENT,COMMUNICATION_MANAGEMENT_1,0,2,2
MANAGE_COMMUNICATIONS,USE,ORGANIZATION_COMMUNICATION,ORGANIZATION_COMMUNICATION,0,2,2
MANAGE_COMMUNICATIONS,USE,ORGANIZATION_COMMUNICATION,ORGANIZATION_COMM_RECIPIENTS,0,2,2
APPLY_FOR_FINANCIAL_AID,PROCESS,SFA_RUNCTL_ACTADYR,SFA_RUNCTL_ACTADYR,0,2,2
APPLY_FOR_FINANCIAL_AID,PROCESS,SFA_RUN_FAUNTUPD,SFA_RUN_FAUNTUPD,0,2,2
CSU_FINANCIAL_AID,USE,CSU_CG_CSAC_O_SUSP,CSU_CG_CSAC_SUSP2,0,2,2
CSU_FINANCIAL_AID,USE,CSU_CG_CSAC_O_SUSP,CSU_CG_CSAC_SUSP1,0,2,2
CSU_FINANCIAL_AID,USE,CSU_CG_CSAC_O_SUSP,CSU_CG_CSAC_SUSP4,0,2,2
CSU_FINANCIAL_AID,USE,CSU_CG_CSAC_O_SUSP,CSU_CG_CSAC_SUSP5,0,2,2
CSU_FINANCIAL_AID,USE,CSU_CG_CSAC_O_SUSP,CSU_CG_CSAC_SUSP3,0,2,2
CSU_FINANCIAL_AID,USE,CSU_CG_ROSTER,CSU_CG_DETAIL_2,0,2,2
CSU_FINANCIAL_AID,USE,CSU_CG_ROSTER,CSU_CG_HDR_DTL_1,0,2,2
CSU_FINANCIAL_AID,USE,CSU_CG_ROSTER,CSU_CG_DETAIL_4,0,2,2
CSU_FINANCIAL_AID,USE,CSU_CG_ROSTER,CSU_CG_DETAIL_5,0,2,2
CSU_FINANCIAL_AID,USE,CSU_CG_ROSTER,CSU_CG_TRAILER,0,2,2
CSU_FINANCIAL_AID,USE,CSU_CG_ROSTER,CSU_CG_DETAIL_3,0,2,2
CSU_FINANCIAL_AID,USE,CSU_CG_STDNT_CNST,CSU_CG_STDNT_CSNT,0,2,2
CSU_FINANCIAL_AID,USE,CSU_RUN_MCS_COR,CSU_RUN_MCS_COR,0,2,2
CSU_FINANCIAL_AID,USE,CSU_RUN_MCS_PMT,CSU_RUN_MCS_PMT,0,2,2
CSU_FINANCIAL_AID,USE,CSU_RUN_MCS_ROT,CSU_RUN_MCS_ROT,0,2,2
CSU_FINANCIAL_AID,MENUITEM2,CSU_RUN_CGI_IN,CSU_RUN_CGI_IN,0,2,2
CSU_FINANCIAL_AID,MENUITEM2,CSU_RUN_CGI_LOAD,CSU_RUN_CGI_LOAD,0,2,2
CSU_FINANCIAL_AID,MENUITEM2,CSU_RUN_CG_ASRESFL,CSU_RUN_CG_ASRESFL,0,2,2
CSU_FINANCIAL_AID,MENUITEM2,CSU_RUN_CG_CHANGE,CSU_RUN_CG_CHANGE,0,2,2
CSU_FINANCIAL_AID,MENUITEM2,CSU_RUN_CG_EVENT,CSU_RUN_CG_EVENT,0,2,2
CSU_FINANCIAL_AID,MENUITEM2,CSU_RUN_CG_EXTRFL,CSU_RUN_CG_EXTRFL,0,2,2
CSU_FINANCIAL_AID,MENUITEM2,CSU_RUN_FA008,CSU_CG_REVIEW_EMPL,0,2,2
CSU_FINANCIAL_AID,MENUITEM2,CSU_RUN_FA008,CSU_RUN_FA008,0,2,2
CSU_FINANCIAL_AID,MENUITEM2,CSU_RUN_FA009,CSU_RUN_FA009,0,2,2
CSU_FINANCIAL_AID,MENUITEM2,CSU_RUN_FA010,CSU_RUN_FA010,0,2,2
CSU_FINANCIAL_AID,MENUITEM2,CSU_RUN_FA011,CSU_RUN_FA011,0,2,2
CSU_FINANCIAL_AID,MENUITEM2,CSU_RUN_FA05L,CSU_RUN_FA01005,0,2,2
CSU_FINANCIAL_AID,MENUITEM2,CSU_RUN_FA05P_1,CSU_RUN_FA05P_1,0,2,2
CSU_FINANCIAL_AID,MENUITEM2,CSU_RUN_FA05S_1,CSU_RUN_FA05S_1,0,2,2
CSU_FINANCIAL_AID,MENUITEM2,CSU_RUN_FAHSCON,CSU_RUN_FAHSCON,0,2,2
CSU_FINANCIAL_AID,MENUITEM2,CSU_RUN_FARECON,CSU_RUN_FARECON,0,2,2
CSU_FINANCIAL_AID,MENUITEM2,CSU_RUN_FA_MCS,CSU_RUN_MCS,0,2,2
CSU_FINANCIAL_AID,MENUITEM2,CSU_RUN_FA_MCS_E,CSU_RUN_FA_MCS_E,0,2,2
CSU_FINANCIAL_AID,MENUITEM2,CSU_RUN_MCSFILE,CSU_RUN_MCSFILE,0,2,2
CSU_FINANCIAL_AID,MENUITEM2,CSU_RUN_MCS_EXP_FL,CSU_RUN_MCS_EXP_FL,0,2,2
CSU_FINANCIAL_AID,MENUITEM2,CSU_RUN_MCS_OUT,CSU_RUN_MCS_OUT,0,2,2
CSU_FINANCIAL_AID,MENUITEM2,CSU_RUN_MCS_RLD,CSU_RUN_MCS_RLD,0,2,2
CSU_FINANCIAL_AID,MENUITEM2,CSU_RUN_MCS_RST_IN,CSU_RUN_MCS_RST_IN,0,2,2
CSU_FINANCIAL_AID,MENUITEM2,CSU_RUN_MCS_RV,CSU_RUN_MCS_RV,0,2,2
CSU_FINANCIAL_AID,MENUITEM2,CSU_RUN_MCS_SM,CSU_RUN_MCS_SM,0,2,2
CSU_FINANCIAL_AID,MENUITEM2,UC_RUN_PREDICTOR,UC_RUN_PREDICTOR,0,2,2
CSU_FINANCIAL_AID,MENUITEM3,CSU_CGI_COM_TBL,CSU_CGI_REJ_TBL,0,2,2
CSU_FINANCIAL_AID,MENUITEM3,CSU_CGI_COM_TBL,CSU_CGI_COM_TBL,0,2,2
CSU_FINANCIAL_AID,MENUITEM3,CSU_MCS_SETUP,CSU_MCS_SETUP2,0,2,2
CSU_FINANCIAL_AID,MENUITEM3,CSU_MCS_SETUP,CSU_MCS_SETUP,0,2,2
CSU_FINANCIAL_AID,MENUITEM3,CSU_MCS_SETUP,CSU_MCS_SETUP3,0,2,2
CSU_FINANCIAL_AID,MENUITEM3,CSU_MCS_SETUP,CSU_MCS_SETUP4,0,2,2
CU_FINANCIAL_AID,PROCESS,CU_PLS_RN_LINK_CMP,CU_PLS_RUN_LINK_PG,0,2,2
CU_FINANCIAL_AID,PROCESS,CU_PLS_RN_LOAD_CMP,CU_PLS_RUN_LOAD_PG,0,2,2
CU_FINANCIAL_AID,PROCESS,CU_PLS_RN_PROC_CMP,CU_PLS_RUN_PROC_PG,0,2,2
CU_FINANCIAL_AID,PROCESS,CU_RUN_ISIR_CHKLST,CU_RUN_ISIR_CHKLST,0,2,2
CU_FINANCIAL_AID,USE,CU_ISIR_LT_CHKLST,CU_ISIR_LT_CHKLST,0,2,2
CU_FINANCIAL_AID,USE,CU_PLS_LOAN_CFG,CU_PLS_EVNT_CFG,0,2,2
CU_FINANCIAL_AID,USE,CU_PLS_LOAN_CFG,CU_PLS_LOAN_CFG,0,2,2
CU_FINANCIAL_AID,USE,CU_POPSEL_EVNTENG,CU_POPSEL_EVNTENG,0,2,2
CU_FINANCIAL_AID,USE,CU_QRY_PARM_CONFIG,CU_QRYPARAM_CONFIG,0,2,2
CU_FINANCIAL_AID,PROCESS,CU_LAG_RUN_AGGRUPD,CU_LAG_RUN_AGGRUPD,0,2,2
DESIGN_FINANCIAL_AID1,PROCESS,AID_YEAR_SETUP,RUNCTL_AID_YEAR,0,2,2
DESIGN_FINANCIAL_AID1,PROCESS,BUILD_FATERM,RUNCTL_&FAPTRMU1CBL,0,2,2
DESIGN_FINANCIAL_AID1,PROCESS,RUNCTL_FAPTRMU1SQR,RUNCTL_FAPTRMU1SQR,0,2,2
DESIGN_FINANCIAL_AID1,PROCESS,SCC_EQTN_RUN_CNTL,SCC_EQTN_RUN_CNTL,0,2,2
DESIGN_FINANCIAL_AID1,REPORT,EQTN_PRT_RUN_CNTL,EQTN_PRT_RUN_CNTL,0,2,2
DESIGN_FINANCIAL_AID1,SETUP_A-B,AGGR_PROG_TABLE,AGGR_PROG_TABLE,0,2,2
DESIGN_FINANCIAL_AID1,SETUP_A-B,AWARD_MESSAGES,AWRD_MESSAGE_TBL,0,2,2
DESIGN_FINANCIAL_AID1,SETUP_A-B,BUDGET_GROUP_TABLE,BUDGET_GROUP_TABLE,0,2,2
DESIGN_FINANCIAL_AID1,SETUP_A-B,FA_DFLT_RULE_SET,FA_DFLT_RULE_SET,0,2,2
DESIGN_FINANCIAL_AID1,SETUP_A-B,SFA_NSLDS_AGG_INST,SFA_NSLDS_AGG_INST,0,2,2
DESIGN_FINANCIAL_AID1,SETUP_C-E,CAREERS_FOR_SCHOOL_CDS,CAREERS_FOR_SCHOOL_CDS,0,2,2
DESIGN_FINANCIAL_AID1,SETUP_C-E,DISB_PRORATION,DISB_PRORATION,0,2,2
DESIGN_FINANCIAL_AID1,SETUP_C-E,SCC_APPL_PR_TBL,SCC_APPL_PR_TBL,0,2,2
DESIGN_FINANCIAL_AID1,SETUP_C-E,SCC_EQTN_GBL_SPACE,SCC_EQTN_GBL_SPACE,0,2,2
DESIGN_FINANCIAL_AID1,SETUP_C-E,SETUP_RTN_TIV,RTRN_TIV_CHG_SETUP,0,2,2
DESIGN_FINANCIAL_AID1,SETUP_C-E,SETUP_RTN_TIV,RTRN_TIV_FND_SETUP,0,2,2
DESIGN_FINANCIAL_AID1,SETUP_C-E,SFA_COD_CAMP_OPEID,SFA_COD_CAMP_OPEID,0,2,2
DESIGN_FINANCIAL_AID1,SETUP_C-E,SFA_COD_CRDLV_XREF,SFA_COD_CRDLV_XREF,0,2,2
DESIGN_FINANCIAL_AID1,SETUP_C-E,SFA_COD_LOOKUP,SFA_COD_LOOKUP,0,2,2
DESIGN_FINANCIAL_AID1,SETUP_C-E,SFA_EA_SRCH_MATCH,SFA_EA_SRCH_MATCH,0,2,2
DESIGN_FINANCIAL_AID1,SETUP_F-K,FA_EDI_DEST,FA_EDI_DEST,0,2,2
DESIGN_FINANCIAL_AID1,SETUP_F-K,FEDERAL_AID_YEAR_TABLE,FEDERAL_AID_YEAR_TABLE,0,2,2
DESIGN_FINANCIAL_AID1,SETUP_F-K,GUAR_LOAD_MAINT,GUAR_LOAD_MAINT,0,2,2
DESIGN_FINANCIAL_AID1,SETUP_F-K,KEYWORDS,KEYWORDS,0,2,2
DESIGN_FINANCIAL_AID2,SETUP_L-M,GUARANTOR,LOAN_GUARANTOR_TABLE,0,2,2
DESIGN_FINANCIAL_AID2,SETUP_L-M,INSTITUTION,LOAN_INSTITUTION_TABLE,0,2,2
DESIGN_FINANCIAL_AID2,SETUP_L-M,INSTITUTION,LOAN_INSTITUTION_TABLE2,0,2,2
DESIGN_FINANCIAL_AID2,SETUP_L-M,LENDER,LOAN_LENDER_TABLE,0,2,2
DESIGN_FINANCIAL_AID2,SETUP_L-M,LENDER_LOAD_MAINT,LENDER_LOAD_MAINT,0,2,2
DESIGN_FINANCIAL_AID2,SETUP_L-M,LN_AGENCY_DFLT,LN_AGENCY_DFLT,0,2,2
DESIGN_FINANCIAL_AID2,SETUP_L-M,LN_DEST_PROFILE,LN_DEST_PROFILE2,0,2,2
DESIGN_FINANCIAL_AID2,SETUP_L-M,LN_DEST_PROFILE,LN_DEST_EDITS,0,2,2
DESIGN_FINANCIAL_AID2,SETUP_L-M,LN_DEST_PROFILE,LN_DEST_PROFILE,0,2,2
DESIGN_FINANCIAL_AID2,SETUP_L-M,LN_EDIT_DFLT,LN_EDIT_DFLTS,0,2,2
DESIGN_FINANCIAL_AID2,SETUP_L-M,LN_PNOTE_TYPE,LN_PNOTE_TYPE,0,2,2
DESIGN_FINANCIAL_AID2,SETUP_L-M,LOAN_ACTION_CODES_WK,LOAN_ACTNCD_WK00,0,2,2
DESIGN_FINANCIAL_AID2,SETUP_L-M,LOAN_TRANSFER_ID,LN_XFER_ID_WK,0,2,2
DESIGN_FINANCIAL_AID2,SETUP_L-M,LOAN_TRANSFER_ID,LN_XFER_ID_UPDT,0,2,2
DESIGN_FINANCIAL_AID2,SETUP_L-M,LOAN_TYPES,LOAN_TYPE_PNOTE,0,2,2
DESIGN_FINANCIAL_AID2,SETUP_L-M,LOAN_TYPES,LOAN_TYPE_TABLE2,0,2,2
DESIGN_FINANCIAL_AID2,SETUP_L-M,LOAN_TYPES,LOAN_TYPE_TABLE_DL,0,2,2
DESIGN_FINANCIAL_AID2,SETUP_L-M,LOAN_TYPES,LOAN_TYPE_TABLE,0,2,2
DESIGN_FINANCIAL_AID2,SETUP_L-M,SERVICER,LOAN_SERVICE_TABLE,0,2,2
DESIGN_FINANCIAL_AID2,SETUP_L-M,SFA_COD_ID_XREF,SFA_COD_ID_XREF,0,2,2
DESIGN_FINANCIAL_AID2,SETUP_L-M,SFA_CRC_ACTION_CD,SFA_CRC_ACTION_CD,0,2,2
DESIGN_FINANCIAL_AID2,SETUP_L-M,SFA_CRC_DEST_ID,SFA_CRC_DEST_ID,0,2,2
DESIGN_FINANCIAL_AID2,SETUP_L-M,SFA_CRC_EDITDFT,SFA_CRC_EDITDFT,0,2,2
DESIGN_FINANCIAL_AID2,SETUP_L-M,SFA_OPEID_XREF,SFA_OPEID_XREF,0,2,2
DESIGN_FINANCIAL_AID2,SETUP_N-P,PROSPECT_SETUP,PROSPECT_XREF_TBL,0,2,2
DESIGN_FINANCIAL_AID2,SETUP R-Z,RECONCILIATION_PERIODS,PROG_CASH_PER,0,2,2
DESIGN_FINANCIAL_AID2,SETUP R-Z,RESTRICTED_AID_TABLE,RESTRICTED_AID_COMMITTEES,0,2,2
DESIGN_FINANCIAL_AID2,SETUP R-Z,RESTRICTED_AID_TABLE,RESTRICTED_AID_DETAIL/1,0,2,2
DESIGN_FINANCIAL_AID2,SETUP R-Z,RESTRICTED_AID_TABLE,RESTRICTED_AID_DETAIL/2,0,2,2
DESIGN_FINANCIAL_AID2,SETUP R-Z,RESTRICTED_AID_TABLE,RESTRICTED_AID_ORG/CONTACT,0,2,2
DESIGN_FINANCIAL_AID2,SETUP R-Z,SFA_SS_SETUP,SFA_SS_SETUP_AWD,0,2,2
DESIGN_FINANCIAL_AID2,SETUP R-Z,SFA_SS_SETUP,SFA_SS_SETUP_COA,0,2,2
DESIGN_FINANCIAL_AID2,SETUP R-Z,SFA_SS_SETUP,SFA_SS_SETUP1,0,2,2
DESIGN_FINANCIAL_AID2,SETUP R-Z,SFA_SS_SETUP,SFA_SHS_ONOFF_MAP,0,2,2
DESIGN_FINANCIAL_AID2,SETUP R-Z,SFA_SS_SETUP,SFA_SS_SETUP2,0,2,2
DESIGN_FINANCIAL_AID2,SETUP R-Z,SFA_SS_SETUP,SFA_SHS_INTR_WH,0,2,2
DESIGN_FINANCIAL_AID2,SETUP R-Z,SRVCR_LOAD_MAINT,SRVCR_LOAD_MAINT,0,2,2
DESIGN_FINANCIAL_AID2,SETUP R-Z,SS_FA_INSTALL,SS_FA_INSTALL2,0,2,2
DESIGN_FINANCIAL_AID2,SETUP R-Z,SS_FA_INSTALL,SS_FA_INSTALL,0,2,2
DESIGN_FINANCIAL_AID2,SETUP R-Z,SS_FA_INSTALL,SS_FA_INSTALL3,0,2,2
DESIGN_FINANCIAL_AID2,SETUP R-Z,SS_FA_INSTALL,SS_FA_INSTALL4,0,2,2
DESIGN_FINANCIAL_AID2,SETUP R-Z,TIV_SCHOOL_CODE_TBL,TIV_SCHOOL_TABLE,0,2,2
DESIGN_FINANCIAL_AID2,SETUP R-Z,USER_EDIT_MESSAGES,EDIT_MESSAGES,0,2,2
EXCHANGE_FIN_AID_DATA,EX_FIN_AID_DATA_REPORTS,RUNCNTL_FAISRJAS,RUNCNTL_FAISRJAS,0,2,2
EXCHANGE_FIN_AID_DATA,EX_FIN_AID_DATA_REPORTS,RUNCTL_FA919,SFA_RUNCTL_FA927,0,2,2
EXCHANGE_FIN_AID_DATA,EX_FIN_AID_DATA_REPORTS,RUNCTL_FA921,RUNCTL_FA921,0,2,2
EXCHANGE_FIN_AID_DATA,PROCESS,RUNCTL_FAPCOR00,RUN_CNTL_FAPCOR00,0,2,2
EXCHANGE_FIN_AID_DATA,PROCESS,RUNCTL_FAPCOR00,BTCH_MSG_INQ,0,2,2
EXCHANGE_FIN_AID_DATA,PROCESS,RUNCTL_FAPINCLC,RUNCTL_FAPINCLC,0,2,2
EXCHANGE_FIN_AID_DATA,PROCESS,RUNCTL_FAPSAR00,RUN_CNTL_FAPSAR00,0,2,2
EXCHANGE_FIN_AID_DATA,PROCESS,RUNCTL_FAPSAR00,BTCH_MSG_INQ,0,2,2
EXCHANGE_FIN_AID_DATA,PROCESS,RUNCTL_FASAREXX,RUNCTL_FASAREXX,0,2,2
EXCHANGE_FIN_AID_DATA,PROCESS,RUNCTL_FA_INBOUND,RUNCTL_FA_INBOUND,0,2,2
EXCHANGE_FIN_AID_DATA,PROCESS,RUNCTL_FA_OUTBOUND,RUNCTL_FA_OUT,0,2,2
EXCHANGE_FIN_AID_DATA,PROCESS2,SFA_PF_RUNCNTL,SFA_PF_RUNCNTL,0,2,2
EXCHANGE_FIN_AID_DATA,PROCESS,SFA_RUN_NSLDS_OUT,SFA_RUN_NSLDS_OUT,0,2,2
EXCHANGE_FIN_AID_DATA,PROCESS,SFA_RUN_NSLDS_UPDT,SFA_RUN_NSLDS_UPDT,0,2,2
EXCHANGE_FIN_AID_DATA,PROCESS,RUNCTL_FAPTALRT,RUNCTL_FAPTALRT,0,2,2
EXCHANGE_FIN_AID_DATA,PROCESS,SFA_RUNCTL_NAC_BCH,SFA_RUNCTL_NAC_BCH,0,2,2
EXCHANGE_FIN_AID_DATA,EX_FIN_AID_DATA_REPORTS,BTCH_MSG_INQ_RUN,BTCH_MSG_INQ_RUN,0,2,2
FINANCIAL_AID_HISTORY,MENUITEM1,MAINTAIN_INST_INFO_16_17,INST_COMP_SUMM_17,0,2,2
FINANCIAL_AID_HISTORY,MENUITEM1,MAINTAIN_INST_INFO_16_17,INST_MISC_17,0,2,2
FINANCIAL_AID_HISTORY,MENUITEM1,MAINTAIN_INST_INFO_16_17,INST_PARENT_17,0,2,2
FINANCIAL_AID_HISTORY,MENUITEM1,MAINTAIN_INST_INFO_16_17,INST_STUDENT_17,0,2,2
FINANCIAL_AID_HISTORY,MENUITEM1,MAINTAIN_INST_INFO_16_17,INST_CORR_WRK_17,0,2,2
FINANCIAL_AID_HISTORY,MENUITEM1,MAINTAIN_INST_INFO_17_18,INST_COMP_SUMM_18,0,2,2
FINANCIAL_AID_HISTORY,MENUITEM1,MAINTAIN_INST_INFO_17_18,INST_MISC_18,0,2,2
FINANCIAL_AID_HISTORY,MENUITEM1,MAINTAIN_INST_INFO_17_18,INST_PARENT_18,0,2,2
FINANCIAL_AID_HISTORY,MENUITEM1,MAINTAIN_INST_INFO_17_18,INST_STUDENT_18,0,2,2
FINANCIAL_AID_HISTORY,MENUITEM1,MAINTAIN_INST_INFO_17_18,INST_CORR_WRK_18,0,2,2
MANAGE_NEED_ANALYSIS,SETUP,LOCAL_POLICY_PT_23,BUDGET_OPTIONS,0,2,2
MANAGE_NEED_ANALYSIS,SETUP,LOCAL_POLICY_PT_23,YES_NO_OPTIONS,0,2,2
MANAGE_NEED_ANALYSIS,SETUP,LOCAL_POLICY_PT_23,GLOBAL_AND_FEDERAL_OPTIONS,0,2,2
MANAGE_NEED_ANALYSIS,SETUP,LOCAL_POLICY_PT_23,IM_YES_NO_OPTIONS,0,2,2
MANAGE_NEED_ANALYSIS,SETUP,LOCAL_POLICY_PT_23,ASSET_OPTIONS,0,2,2
MANAGE_NEED_ANALYSIS,SETUP,LOCAL_POLICY_PT_23,HOME_ASSET_PROJECTIONS,0,2,2
MANAGE_NEED_ANALYSIS,SETUP,LOCAL_POLICY_PT_23,IM_VALUE_PARMS_2,0,2,2
MANAGE_NEED_ANALYSIS,SETUP,LOCAL_POLICY_PT_23,IM_VALUE_PARMS_1,0,2,2
MANAGE_NEED_ANALYSIS,SETUP,LOCAL_POLICY_PT_23,IM_TAX_ASSESS_PARMS,0,2,2
MANAGE_NEED_ANALYSIS,SETUP,LOCAL_POLICY_PT_23,MINIMUM_SC_INCOME,0,2,2
MANAGE_NEED_ANALYSIS,SETUP,LOCAL_POLICY_PT_23,MINIMUM_PC_RANGE,0,2,2
MANAGE_NEED_ANALYSIS,USE2,MAINTAIN_INST_INFO_22_23,INST_PARENT_23,0,2,2
MANAGE_NEED_ANALYSIS,USE2,MAINTAIN_INST_INFO_22_23,INST_MISC_23,0,2,2
MANAGE_NEED_ANALYSIS,USE2,MAINTAIN_INST_INFO_22_23,INST_NCPARENT_23,0,2,2
MANAGE_NEED_ANALYSIS,USE2,MAINTAIN_INST_INFO_22_23,INST_STUDENT_23,0,2,2
MANAGE_NEED_ANALYSIS,USE2,MAINTAIN_INST_INFO_22_23,INST_COMP_SUMM_23,0,2,2
MANAGE_NEED_ANALYSIS,USE2,MAINTAIN_INST_INFO_22_23,INST_CORR_NCWRK_23,0,2,2
MANAGE_NEED_ANALYSIS,USE2,MAINTAIN_INST_INFO_22_23,INST_CORR_WRK_23,0,2,2
MANAGE_NEED_ANALYSIS,SETUP,LOCAL_POLICY_PT_21,BUDGET_OPTIONS,0,2,2
MANAGE_NEED_ANALYSIS,SETUP,LOCAL_POLICY_PT_21,YES_NO_OPTIONS,0,2,2
MANAGE_NEED_ANALYSIS,SETUP,LOCAL_POLICY_PT_21,GLOBAL_AND_FEDERAL_OPTIONS,0,2,2
MANAGE_NEED_ANALYSIS,SETUP,LOCAL_POLICY_PT_21,IM_YES_NO_OPTIONS,0,2,2
MANAGE_NEED_ANALYSIS,SETUP,LOCAL_POLICY_PT_21,ASSET_OPTIONS,0,2,2
MANAGE_NEED_ANALYSIS,SETUP,LOCAL_POLICY_PT_21,HOME_ASSET_PROJECTIONS,0,2,2
MANAGE_NEED_ANALYSIS,SETUP,LOCAL_POLICY_PT_21,IM_VALUE_PARMS_2,0,2,2
MANAGE_NEED_ANALYSIS,SETUP,LOCAL_POLICY_PT_21,IM_VALUE_PARMS_1,0,2,2
MANAGE_NEED_ANALYSIS,SETUP,LOCAL_POLICY_PT_21,IM_TAX_ASSESS_PARMS,0,2,2
MANAGE_NEED_ANALYSIS,SETUP,LOCAL_POLICY_PT_21,MINIMUM_SC_INCOME,0,2,2
MANAGE_NEED_ANALYSIS,SETUP,LOCAL_POLICY_PT_21,MINIMUM_PC_RANGE,0,2,2
MANAGE_NEED_ANALYSIS,SETUP,LOCAL_POLICY_PT_20,BUDGET_OPTIONS,0,2,2
MANAGE_NEED_ANALYSIS,SETUP,LOCAL_POLICY_PT_20,YES_NO_OPTIONS,0,2,2
MANAGE_NEED_ANALYSIS,SETUP,LOCAL_POLICY_PT_20,GLOBAL_AND_FEDERAL_OPTIONS,0,2,2
MANAGE_NEED_ANALYSIS,SETUP,LOCAL_POLICY_PT_20,IM_YES_NO_OPTIONS,0,2,2
MANAGE_NEED_ANALYSIS,SETUP,LOCAL_POLICY_PT_20,ASSET_OPTIONS,0,2,2
MANAGE_NEED_ANALYSIS,SETUP,LOCAL_POLICY_PT_20,HOME_ASSET_PROJECTIONS,0,2,2
MANAGE_NEED_ANALYSIS,SETUP,LOCAL_POLICY_PT_20,IM_VALUE_PARMS_2,0,2,2
MANAGE_NEED_ANALYSIS,SETUP,LOCAL_POLICY_PT_20,IM_VALUE_PARMS_1,0,2,2
MANAGE_NEED_ANALYSIS,SETUP,LOCAL_POLICY_PT_20,IM_TAX_ASSESS_PARMS,0,2,2
MANAGE_NEED_ANALYSIS,SETUP,LOCAL_POLICY_PT_20,MINIMUM_SC_INCOME,0,2,2
MANAGE_NEED_ANALYSIS,SETUP,LOCAL_POLICY_PT_20,MINIMUM_PC_RANGE,0,2,2
MANAGE_NEED_ANALYSIS,PROCESS,BUILD_BUDGET1,RUNCTL_FABUDGET1,0,2,2
MANAGE_NEED_ANALYSIS,PROCESS,PELL_ADJ,RUNCTL_FAPPBGTB,0,2,2
MANAGE_NEED_ANALYSIS,PROCESS,RUNCTL_FAPCMPR1,RUNCTL_FAPCMPR1_01,0,2,2
MANAGE_NEED_ANALYSIS,PROCESS,RUNCTL_FA_CONSL,RUNCTL_FA_CONSL,0,2,2
MANAGE_NEED_ANALYSIS,SETUP,LOCAL_POLICY_PT_25,GLOBAL_OPTIONS,0,2,2
MANAGE_NEED_ANALYSIS,PROCESS,BUILD_BUDGET3,RUNCTL_FABUDGET2,0,2,2
MANAGE_NEED_ANALYSIS,PROCESS,BUILD_BUDGET4,RUNCTL_FABUDGET3,0,2,2
MANAGE_NEED_ANALYSIS,PROCESS,BUILD_BUDGET5,RUNCTL_FABUDGET4,0,2,2
MANAGE_NEED_ANALYSIS,PROCESS,BUILD_BUDGET6,RUNCTL_FABUDGET5,0,2,2
MANAGE_NEED_ANALYSIS,PROCESS,BUILD_BUDGET2,RUNCTL_FABUDGETEQ,0,2,2
MANAGE_NEED_ANALYSIS,SETUP,LOCAL_POLICY_PT_22,BUDGET_OPTIONS,0,2,2
MANAGE_NEED_ANALYSIS,SETUP,LOCAL_POLICY_PT_22,YES_NO_OPTIONS,0,2,2
MANAGE_NEED_ANALYSIS,SETUP,LOCAL_POLICY_PT_22,GLOBAL_AND_FEDERAL_OPTIONS,0,2,2
MANAGE_NEED_ANALYSIS,SETUP,LOCAL_POLICY_PT_22,IM_YES_NO_OPTIONS,0,2,2
MANAGE_NEED_ANALYSIS,SETUP,LOCAL_POLICY_PT_22,ASSET_OPTIONS,0,2,2
MANAGE_NEED_ANALYSIS,SETUP,LOCAL_POLICY_PT_22,HOME_ASSET_PROJECTIONS,0,2,2
MANAGE_NEED_ANALYSIS,SETUP,LOCAL_POLICY_PT_22,IM_VALUE_PARMS_2,0,2,2
MANAGE_NEED_ANALYSIS,SETUP,LOCAL_POLICY_PT_22,IM_VALUE_PARMS_1,0,2,2
MANAGE_NEED_ANALYSIS,SETUP,LOCAL_POLICY_PT_22,IM_TAX_ASSESS_PARMS,0,2,2
MANAGE_NEED_ANALYSIS,SETUP,LOCAL_POLICY_PT_22,MINIMUM_SC_INCOME,0,2,2
MANAGE_NEED_ANALYSIS,SETUP,LOCAL_POLICY_PT_22,MINIMUM_PC_RANGE,0,2,2
MANAGE_NEED_ANALYSIS,SETUP,LOCAL_POLICY_PT_24,BUDGET_OPTIONS,0,2,2
MANAGE_NEED_ANALYSIS,SETUP,LOCAL_POLICY_PT_24,YES_NO_OPTIONS,0,2,2
MANAGE_NEED_ANALYSIS,SETUP,LOCAL_POLICY_PT_24,GLOBAL_OPTIONS,0,2,2
MANAGE_NEED_ANALYSIS,SETUP,LOCAL_POLICY_PT_24,IM_YES_NO_OPTIONS,0,2,2
MANAGE_NEED_ANALYSIS,SETUP,LOCAL_POLICY_PT_24,ASSET_OPTIONS,0,2,2
MANAGE_NEED_ANALYSIS,SETUP,LOCAL_POLICY_PT_24,HOME_ASSET_PROJECTIONS,0,2,2
MANAGE_NEED_ANALYSIS,SETUP,LOCAL_POLICY_PT_24,IM_VALUE_PARMS_2,0,2,2
MANAGE_NEED_ANALYSIS,SETUP,LOCAL_POLICY_PT_24,IM_VALUE_PARMS_1,0,2,2
MANAGE_NEED_ANALYSIS,SETUP,LOCAL_POLICY_PT_24,IM_TAX_ASSESS_PARMS,0,2,2
MANAGE_NEED_ANALYSIS,SETUP,LOCAL_POLICY_PT_24,MINIMUM_SC_INCOME,0,2,2
MANAGE_NEED_ANALYSIS,SETUP,LOCAL_POLICY_PT_24,MINIMUM_PC_RANGE,0,2,2
PACKAGE_AID,USE,RETURN_TIV_FUNDS_HERA,UC_RTIV_INST_STATE,0,2,2
PACKAGE_AID,USE,RETURN_TIV_FUNDS_HERA,STDNT_RTN_TIV_WK3A,0,2,2
PACKAGE_AID,USE,RETURN_TIV_FUNDS_HERA,STDNT_RTN_TIV_WK3N,0,2,2
PACKAGE_AID,USE,RETURN_TIV_FUNDS_HERA,STDNT_RTRN_TIV_AID,0,2,2
PACKAGE_AID,USE,RETURN_TIV_FUNDS_HERA,STDNT_RTRN_TIV_WK4,0,2,2
PACKAGE_AID,USE,RETURN_TIV_FUNDS_HERA,STDNT_RTN_TIV_WK1N,0,2,2
PACKAGE_AID,USE,RETURN_TIV_FUNDS_HERA,STDNT_RTN_TIV_WK2N,0,2,2
PACKAGE_AID,USE,STDNT_PKG_VARS,UC_STDNT_VARCMP1_7,0,2,2
PACKAGE_AID,USE,STDNT_PKG_VARS,STDNT_VAR_CMP1_7,0,2,2
PACKAGE_AID,USE,STDNT_PKG_VARS,STDNT_VAR_CA,0,2,2
PACKAGE_AID,USE,STDNT_PKG_VARS,STDNT_VAR_CMP8_14,0,2,2
PACKAGE_AID,USE,STDNT_PKG_VARS,STDNT_VAR_CHAR,0,2,2
PACKAGE_AID,USE,STDNT_PKG_VARS,UC_STDNT_VAR_CHAR2,0,2,2
PACKAGE_AID,PROCESS,ASSIGN_PKG_RTNG_COMPENENTS,RUNCTL_FA_PKG_RC,0,2,2
PACKAGE_AID,PROCESS,MASS_PKG_ASN,RUNCTL_FA_BPKG_ASN,0,2,2
PACKAGE_AID,PROCESS,MASS_PKG_PRC,RUNCTL_FA_BPKG_PRC,0,2,2
PACKAGE_AID,PROCESS,MASS_PKG_SEL,SFA_RUN_BPKG_SEL,0,2,2
PACKAGE_AID,PROCESS,RUNCTL_AUTHORIZE,RUNCTL_AUTHRIZE,0,2,2
PACKAGE_AID,PROCESS,RUNCTL_FA_SS_AWARD,RUNCTL_FA_SS_AWARD,0,2,2
PACKAGE_AID,PROCESS,RUNCTL_PELL_TST,RUNCTL_PELL_TST,0,2,2
PACKAGE_AID,PROCESS,RUN_CNTL_DISB,RUNCTL_DISBURSE,0,2,2
PACKAGE_AID,PROCESS,RUN_CNTL_FANLTR,RUN_CNTL_FANLTR,0,2,2
PACKAGE_AID,PROCESS,SFA_RUN_ATB,SFA_RUN_ATB,0,2,2
PACKAGE_AID,PROCESS,SFA_RUN_EA_LOAD,SFA_RUN_EA_LOAD,0,2,2
PACKAGE_AID,PROCESS,SFA_RUN_EA_STAGE,SFA_RUN_EA_STAGE,0,2,2
PACKAGE_AID,PROCESS,SFA_RUN_EDITMSG,SFA_RUN_EDITMSG,0,2,2
PACKAGE_AID,PROCESS,SFA_RUN_FAPPKPSU,SFA_RUN_FAPPKPSU,0,2,2
PACKAGE_AID,PROCESS,SFA_RUN_RPKG,SFA_RUN_RPKG,0,2,2
PACKAGE_AID,PROCESS,SFA_RUN_RPKG_ASN,SFA_RUN_RPKG_ASN,0,2,2
PACKAGE_AID,PROCESS,SFA_RUN_RPKG_SEL,SFA_RUN_RPKG_SEL,0,2,2
PACKAGE_AID,PROCESS,SFA_RUN_SCHLCD_UPD,SFA_RUN_SCHLCD_UPD,0,2,2
PACKAGE_AID,PROCESS,SFA_RUN_SETAGGRSRC,SFA_RUN_SETAGGRSRC,0,2,2
PACKAGE_AID,PROCESS,SFA_RUN_SS_ACCESS,SFA_RUNCTL_SS_SEC,0,2,2
PACKAGE_AID,PROCESS,SFA_RUN_XANTAID,SFA_RUN_XANTAID,0,2,2
PACKAGE_AID,REPORT,FIN_AID_DISB_AWARDS,RUNCTL_FA_RPT,0,2,2
PACKAGE_AID,REPORT,FUND_ROSTER,RUN_CNTL_NE_RPT,0,2,2
PACKAGE_AID,REPORT,RETURN_TIV_AID_RPT,RUN_CNTL_FATIVRTN,0,2,2
PACKAGE_AID,REPORT,RUNCNTL_FATRMAWD,RUNCNTL_FATRMAWD,0,2,2
PACKAGE_AID,REPORT,RUNCTL_FA_RPT_822,RUNCTL_FA_RPT,0,2,2
PACKAGE_AID,REPORT,RUN_CNTL_FA906_RPT,RUN_CNTL_NE_RPT,0,2,2
PACKAGE_AID,REPORT,RUN_CNTL_FA913_RPT,RUN_CNTL_FA913_RPT,0,2,2
PACKAGE_AID,REPORT,RUN_CNTL_FA922_RPT,RUN_CNTL_FA922_RPT,0,2,2
PACKAGE_AID,REPORT,SFA_RUNCTL_FISAP16,SFA_RUNCTL_FISAP16,0,2,2
PACKAGE_AID,SETUP,SFA_ATB_CODE_XREF,SFA_ATB_CODE_XREF,0,2,2
PACKAGE_AID,USE,RETURN_TIV_FUNDS_HERA_MOD,STDNT_RT_TIV_AID_M,0,2,2
PACKAGE_AID,USE,RETURN_TIV_FUNDS_HERA_MOD,SFA_RTN_SES_NOTES,0,2,2
PACKAGE_AID,USE,SFA_ATB_STDNT,SFA_COD_ATB_STDNT,0,2,2
PACKAGE_AID,USE,SFA_RUN_NEEDUPD,SFA_RUN_NEEDUPD,0,2,2
PACKAGE_AID,USE,AGGREGATE_INPUT,STDNT_AGGR_INPUT,0,2,2
PROCESS_LOANS,USE,SFA_LN_CNSL_TBL,SFA_LN_CNSL_TBL,0,2,2
PROCESS_LOANS,PROCESS,RUNCTL_CLOUT,BTCH_MSG_INQ,0,2,2
PROCESS_LOANS,PROCESS,RUNCTL_CLOUT,RUNCTL_CLOUT,0,2,2
PROCESS_LOANS,PROCESS,RUNCTL_DLOUT9,RUNCTL_DLOUT0,0,2,2
PROCESS_LOANS,PROCESS,RUNCTL_DLOUT9,BTCH_MSG_INQ,0,2,2
PROCESS_LOANS,PROCESS,RUNCTL_DLPN02,BTCH_MSG_INQ,0,2,2
PROCESS_LOANS,PROCESS,RUNCTL_DLPN02,RUNCTL_DLPN02,0,2,2
PROCESS_LOANS,PROCESS,RUNCTL_DL_PN_PRT02,RUNCTL_DL_PN_PRT02,0,2,2
PROCESS_LOANS,PROCESS,RUNCTL_FADLIN8,RUNCTL_DLIN0,0,2,2
PROCESS_LOANS,PROCESS,RUNCTL_FADLIN8,BTCH_MSG_INQ,0,2,2
PROCESS_LOANS,PROCESS,RUNCTL_MANIFEST01,RUNCTL_MANIFEST1,0,2,2
PROCESS_LOANS,PROCESS,RUNCTL_RENAME_PNLG,RUNCTL_RENAME,0,2,2
PROCESS_LOANS,PROCESS,SFA_CNSL_UPD_RC,SFA_CNSL_UPD_RC,0,2,2
PROCESS_LOANS,PROCESS,SFA_CRCLNED_RUNCTL,SFA_CRCLNED_RUNCTL,0,2,2
PROCESS_LOANS,PROCESS,SFA_LNUPD_CMP,SFA_LNUPD_PG,0,2,2
PROCESS_LOANS,PROCESS,SFA_RUNCTL_COD_INB,SFA_RUNCTL_COD_INB,0,2,2
PROCESS_LOANS,PROCESS,SFA_RUNCTL_CRC_IN2,SFA_RUNCTL_CRC_IN2,0,2,2
PROCESS_LOANS,PROCESS,SFA_RUNCTL_CRC_INB,SFA_RUNCTL_CRC_IN,0,2,2
PROCESS_LOANS,PROCESS,SFA_RUNCTL_CRC_OUT,SFA_CRC_OUT,0,2,2
PROCESS_LOANS,PROCESS,SFA_RUNCTL_DL_OUT,SFA_RUNCTL_DL_OUT,0,2,2
PROCESS_LOANS,PROCESS,SFA_RUN_EXITCNSL,SFA_RUN_EXITCNSL,0,2,2
PROCESS_LOANS,PROCESS,SFA_RUN_LN_CNSL,SFA_RUN_LN_CNSL,0,2,2
PROCESS_LOANS,PROCESS,SFA_RUN_PERK_MPN,SFA_RUN_PERK_MPN,0,2,2
PROCESS_LOANS,REPORT2,RUNCTL_DLSAS,RUNCTL_DLSAS,0,2,2
PROCESS_LOANS,REPORT2,RUNCTL_DL_RECON,RUNCTL_DL_RECON,0,2,2
PROCESS_LOANS,REPORT2,RUNCTL_MANIFEST2,RUNCTL_MANIFEST2,0,2,2
PROCESS_LOANS,REPORT2,RUNCTL_MANIFEST3,RUNCTL_MANIFEST3,0,2,2
PROCESS_LOANS,REPORT2,RUN_CNTL_FA853_RPT,RUN_CNTL_DL_RPT,0,2,2
PROCESS_LOANS,REPORT2,RUN_CNTL_FA854_RPT,RUN_CNTL_DL_RPT,0,2,2
PROCESS_LOANS,REPORT2,RUN_CNTL_FA855_RPT,RUN_CNTL_DL_RPT,0,2,2
PROCESS_LOANS,REPORT2,RUN_CNTL_FA856_RPT,RUN_CNTL_DL_RPT,0,2,2
PROCESS_LOANS,REPORT2,RUN_CNTL_FA857_RPT,RUN_CNTL_DL_RPT,0,2,2
PROCESS_LOANS,REPORT2,RUN_CNTL_FA858_RPT,RUN_CNTL_DL_RPT,0,2,2
PROCESS_LOANS,REPORT2,RUN_CNTL_FA860_RPT,RUN_CNTL_DL_RPT,0,2,2
PROCESS_LOANS,REPORT2,RUN_CNTL_FA866_RPT,RUN_CNTL_DL_RPT,0,2,2
PROCESS_LOANS,REPORT2,RUN_CNTL_FA867_RPT,RUN_CNTL_DL_RPT,0,2,2
PROCESS_LOANS,REPORT2,RUN_CNTL_FA868_RPT,RUN_CNTL_DL_RPT,0,2,2
PROCESS_LOANS,REPORTS,LOAN_ORIG_RPT,RUNCTL_FA_LN_RPT_0,0,2,2
PROCESS_LOANS,REPORTS,RUNCTL_FAMSGLNX,RUNCTL_FAMSGLNX,0,2,2
PROCESS_LOANS,REPORTS,RUN_CNTL_FA901_RPT,RUN_CNTL_CL_RPT,0,2,2
PROCESS_LOANS,REPORTS,RUN_CNTL_FA902_RPT,RUN_CNTL_CL_RPT,0,2,2
PROCESS_LOANS,REPORTS,RUN_CNTL_FA903_RPT,RUN_CNTL_CL_RPT,0,2,2
PROCESS_LOANS,REPORTS,RUN_CNTL_FA904_RPT,RUN_CNTL_CL_RPT,0,2,2
PROCESS_LOANS,REPORTS,RUN_CNTL_FA907_RPT,RUN_CNTL_EFT_RPT,0,2,2
PROCESS_LOANS,SETUP,SFA_COD_LN_ATTEND,SFA_COD_LN_ATTEND,0,2,2
PROCESS_LOANS,SETUP,SFA_CRC_SRCHMCH,SFA_CRC_SRCHMCH,0,2,2
PROCESS_LOANS,SETUP,SFA_LNDR_SELECT_SU,SFA_LNDR_SELECT_SU,0,2,2
PROCESS_LOANS,SETUP,SFA_LN_CNSL_SETUP,SFA_LN_CNSL_XREF,0,2,2
PROCESS_LOANS,SETUP,SFA_LN_CNSL_SETUP,SFA_LN_COUNSEL,0,2,2
PROCESS_LOANS,SETUP,SFA_LN_SRCHMCH,SFA_LN_SRCHMCH,0,2,2
PROCESS_LOANS,USE,CL_MPN_USE,LN_CL_MPN_USE,0,2,2
PROCESS_LOANS,USE,DL_BTCH_PNT,DL_BTCH_PNT,0,2,2
PROCESS_LOANS,USE,DL_BTCH_PNT,DL_BTCH_PNT_WRK,0,2,2
PROCESS_LOANS,USE,LN_DL_CASH_DTL,LN_DL_CASH_DTL,0,2,2
PROCESS_LOANS,INQUIRE,SFA_CRC_DEST_ID_I,SFA_CRC_DEST_ID,0,2,2
PROCESS_LOANS,PROCESS,INBOUND_EC_AGENT,RUN_CONTROL_PARAMETERS,0,2,2
PROCESS_LOANS,PROCESS,LOAN_DOC_COPY,LN_RPT_CPYDEF,0,2,2
PROCESS_LOANS,PROCESS,LOAN_VALIDATION,LN_EDIT_RUNCTL,0,2,2
PROCESS_LOANS,PROCESS,OUTBOUND_EC_AGENT,RUN_PARAMETERS,0,2,2
PROCESS_LOANS,PROCESS,RUNCTL_CLHR,BTCH_MSG_INQ,0,2,2
PROCESS_LOANS,PROCESS,RUNCTL_CLHR,RUNCTL_CLHR,0,2,2
PROCESS_LOANS,PROCESS,RUNCTL_CLIN2,BTCH_MSG_INQ,0,2,2
PROCESS_LOANS,PROCESS,RUNCTL_CLIN2,RUNCTL_CLIN,0,2,2
PROCESS_LOANS,PROCESS,RUNCTL_LNORIG,SFA_RUNCTL_LNORIG,0,2,2
PROCESS_LOANS,PROCESS,RUNCTL_LNORIG,RUNCTL_LNORIG,0,2,2
PROCESS_LOANS,PROCESS,RUNCTL_LNORIG,BTCH_MSG_INQ,0,2,2
PROCESS_PELL_PMT,PROCESS,SFA_RUNCTL_AS_OUT,SFA_RUNCTL_AS_OUT,0,2,2
PROCESS_PELL_PMT,PROCESS,SFA_RUNCTL_PL_OUT,SFA_RUNCTL_PL_OUT,0,2,2
PROCESS_PELL_PMT,REPORTS,PRINT_PELL_GRANT_ESOA,RUN_CNTL_PG_RPT,0,2,2
PROCESS_PELL_PMT,REPORTS,RUN_CNTL_FA875B_RP,RUN_CNTL_PG_MRR_ST,0,2,2
PROCESS_PELL_PMT,REPORTS,RUN_CNTL_FA875_RPT,RUN_CNTL_PG_875,0,2,2
PROCESS_PELL_PMT,REPORTS,RUN_CNTL_FA878_RPT,RUN_CNTL_PG4_RPT2,0,2,2
PROCESS_PELL_PMT,REPORTS,RUN_CNTL_FA879_RPT,RUN_CNTL_PG_ORIG,0,2,2
PROCESS_PELL_PMT,REPORTS,RUN_CNTL_FA880A_PR,RUN_CNTL_PG_880A,0,2,2
PROCESS_PELL_PMT,REPORTS,RUN_CNTL_FA880_RPT,RUN_CNTL_PG_880,0,2,2
PROCESS_PELL_PMT,REPORTS,RUN_CNTL_FA881A_RP,RUN_CNTL_PG_881,0,2,2
PROCESS_PELL_PMT,REPORTS,RUN_CNTL_FA882_RPT,RUN_CNTL_PG_TRANS,0,2,2
PROCESS_PELL_PMT,REPORTS,RUN_CNTL_FA883_RPT,RUN_CNTL_PG4_RPTA,0,2,2
PROCESS_PELL_PMT,REPORTS,RUN_CNTL_FA886_RPT,RUN_CNTL_PG_886,0,2,2
PROCESS_PELL_PMT,REPORTS,RUN_CNTL_FA887_RPT,RUN_CNTL_PG_887,0,2,2
PROCESS_PELL_PMT,REPORTS,RUN_CNTL_FA888_RPT,RUN_CNTL_PG5_RPT,0,2,2
PROCESS_PELL_PMT,REPORTS,RUN_CNTL_PGDYTD_AL,RUN_CNTL_PG2_RPT,0,2,2
PROCESS_PELL_PMT,REPORTS,RUN_CNTL_PGOYTD_AL,RUN_CNTL_OPG2_RPT,0,2,2
PROCESS_PELL_PMT,REPORTS,RUN_CNTL_PG_881,RUN_CNTL_PG_881,0,2,2
PROCESS_PELL_PMT,REPORTS,RUN_CNTL_PG_DACTN,RUN_CNTL_PG_ACTNC1,0,2,2
PROCESS_PELL_PMT,REPORTS,RUN_CNTL_PG_MRR,RUN_CNTL_PG4_RPT,0,2,2
PROCESS_PELL_PMT,REPORTS,RUN_CNTL_PG_OACTN,RUN_CNTL_PG_ACTNCD,0,2,2
PROCESS_PELL_PMT,USE,CASH_MANAGEMENT,PROG_CASH_SUMM_PG,0,2,2
PROCESS_PELL_PMT,USE,PELL_DATA_REQUEST,PELL_DATA_REQUEST,0,2,2
PROCESS_PELL_PMT,PROCESS,PELL_ORIGINATION,BTCH_MSG_INQ,0,2,2
PROCESS_PELL_PMT,PROCESS,PELL_ORIGINATION,RUNCTL_PELLORIG,0,2,2
PROCESS_PELL_PMT,PROCESS,PELL_ORIGINATION,SFA_RUNCTL_PELLORG,0,2,2
SFA_FWS,USE,SFA_RUNCTL_FWS_INB,SFA_RUNCTL_FWS_INB,0,2,2
SFA_FWS,USE,SFA_RUNCTL_FWS_OUT,SFA_RUNCTL_FWS_OUT,0,2,2
SFA_HIDDEN,MENUITEM1,FA_BPKG_DEFN,FA_BPKG_DEFN,0,2,2
SFA_HIDDEN,MENUITEM1,FA_INST_DEFN,FA_INST_DEFN,0,2,2
SFA_HIDDEN,MENUITEM1,RUNCTL_FA_INST,RUNCTL_FA_INST,0,2,2
SFA_HIDDEN,MENUITEM1,RUNCTL_FA_INST_ASN,RUNCTL_FA_BPKG_ASN,0,2,2
SFA_HIDDEN,MENUITEM1,RUNCTL_FA_INST_PRC,RUNCTL_FA_BPKG_PRC,0,2,2
SFA_SAP_FINANCIAL_AID,PROCESS,SAP_PROC_STDNT,SFA_RUN_SAP,0,2,2
SFA_SAP_FINANCIAL_AID,PROCESS,SFA_RUN_SAP3C,SFA_RUN_SAP3C,0,2,2
SFA_SAP_FINANCIAL_AID,SETUP,SFA_SAP_AE_PROC,SFA_SAP_AE_PROC,0,2,2
SFA_SAP_FINANCIAL_AID,SETUP,SFA_SAP_ET_TRM,SFA_SAP_ET_TRM,0,2,2
UC_COMPONENTS,USE,RUN_FILE_IMPORT,RUN_FILE_IMP,0,2,2
UC_COMPONENTS,USE,UC_FILE_LOCK,UC_FILE_LOCK,0,2,2
UC_COMPONENTS,USE,UC_FILE_RPT,UC_RPT_ATT,0,2,2
UC_COMPONENTS,USE,UC_FTP_LOG,UC_FTP_LOG,0,2,2
UC_COMPONENTS,USE,UC_RUN_FILE_ATT,UC_RUN_FILE_ATT,0,2,2
UC_COMPONENTS,USE,UC_RUN_FILE_EXPORT,UC_RUN_FILE_EXP,0,2,2
UC_COMPONENTS,USE,UC_RUN_FILE_RST,UC_RUN_FILE_RST,0,2,2
UC_COMPONENTS,USE,UC_RUN_MAPMSG_ERR,UC_RUN_MAPMSG_ERR,0,2,2
UC_FA_FAFSA_QA,USE,UC_FA_NOAUT_RUN,UC_FA_NOAUT_RUN,0,2,2
UC_FA_RUN_CAIRLD,USE,UC_RUN_FA_CAIRLD,UC_RUN_FA_CAIRLD,0,2,2
UC_FA_RUN_HAASFL,USE,UC_RUN_FA_HAASFL,UC_RUN_FA_HAASFL,0,2,2
UC_FA_RUN_HAASFL,USE,UC_FASO_UCOP_CMP,UC_FASO_UCOP_PG,0,2,2
UC_FA_RUN_ISIRLD,USE,UC_RUN_FA_ISIRLD,UC_RUN_FA_ISIRLD,0,2,2
UC_FA_RUN_LAWDTA,USE,UC_RUN_FA_LAWDTA,UC_RUN_FA_LAWDTA,0,2,2
UC_PERSON_PROFILE,SETUP,UC_HOUSING_TBL,UC_HOUSING_TBL,0,2,2
UC_PERSON_PROFILE,SETUP,UC_HOUSING_TYP_TBL,UC_HOUSING_TYP_TBL,0,6,6
UC_PERSON_PROFILE,SETUP,UC_HOUS_PV_TBL,UC_HOUS_PV_TBL,0,2,2
UC_QBU_COPY_RC,RUN,UC_QBU_COPY_RC,UC_QBU_COPY_RC,0,2,2
UC_RUN_FA_SMA,USE,UC_RUN_FA_SMA,UC_RUN_FA_SMA,0,2,2
MANAGE_ACADEMIC_RECORDS,INQUIRE,SSR_TSCRPT_RQST,SA_REQ_REPORT_ERR,0,2,2
MANAGE_ACADEMIC_RECORDS,INQUIRE,SSR_TSCRPT_RQST,SSR_TSRQST_DTL,0,2,2
MANAGE_ACADEMIC_RECORDS,INQUIRE,SSR_TSCRPT_RQST,SSR_TSRQST_HDR,0,2,2
MANAGE_ACADEMIC_RECORDS,PROCESS,SSR_RUNCTL_TSRPT,SSR_RUNCTL_TSRPT,0,2,2
CSU_FINANCIAL_AID,USE,CSU_FA_MCS_STG,CSU_FA_MCS_STG,0,4,4
DESIGN_FINANCIAL_AID2,SETUP_L-M,LN_EDITS,LN_EDIT_TBL,0,4,4
DESIGN_FINANCIAL_AID2,SETUP_L-M,SFA_CRC_EDITS,SFA_CRC_EDITS,0,4,4
FINANCIAL_AID_HISTORY,MENUITEM1,ISIR_EFC_SMRY_DT17,ISIR_EFC_SUMRY_DETAIL,0,4,4
FINANCIAL_AID_HISTORY,MENUITEM1,ISIR_EFC_SMRY_DT18,ISIR_EFC_SUMRY_DETAIL,0,4,4
MANAGE_NEED_ANALYSIS,INQUIRE,ISIR_EFC_SMRY_DT23,ISIR_EFC_SUMRY_DETAIL,0,4,4
MANAGE_NEED_ANALYSIS,INQUIRE,ISIR_SAI_SMRY,ISIR_SAI_SUMRY_DETAIL,0,4,4
MANAGE_NEED_ANALYSIS,INQUIRE,ISIR_EFC_SMRY_DT24,ISIR_EFC_SUMRY_DETAIL,0,4,4
PROCESS_LOANS,INQUIRE,NSLDS_INQUIRY,NSLDS_GEN_AGGR,0,4,4
PROCESS_LOANS,INQUIRE,NSLDS_INQUIRY,NSLDS_ADDL_INFO,0,4,4
PROCESS_LOANS,INQUIRE,NSLDS_INQUIRY,NSLDS_ACG,0,4,4
PROCESS_LOANS,INQUIRE,NSLDS_INQUIRY,NSLDS_IASG,0,4,4
PROCESS_LOANS,INQUIRE,NSLDS_INQUIRY,NSLDS_LOAN_DTL,0,4,4
PROCESS_LOANS,INQUIRE,NSLDS_INQUIRY,NSLDS_NSG,0,4,4
PROCESS_LOANS,INQUIRE,NSLDS_INQUIRY,NSLDS_PELL,0,4,4
PROCESS_LOANS,INQUIRE,NSLDS_INQUIRY,NSLDS_TEACH,0,4,4
PROCESS_LOANS,INQUIRE,LOAN_ACTION_CODES,LOAN_ACTNCD_TBL,0,4,4
PROCESS_LOANS,INQUIRE,LOAN_STDNT_AWD,LN_AWRD_DISB_INQ,0,4,4
UC_FA_CAL_ISIR_QA,USE,UC_INAS_SIM,UC_INAS_SIM_PAR,0,4,4
UC_FA_CAL_ISIR_QA,USE,UC_INAS_SIM,UC_INAS_SIM_STU,0,4,4
UC_FA_CAL_ISIR_QA,USE,UC_INAS_SIM,UC_INAS_SIM_TST,0,4,4
UC_FA_FAFSA_QA,USE,UC_INAS_SIM,UC_INAS_SIM_PAR,0,4,4
UC_FA_FAFSA_QA,USE,UC_INAS_SIM,UC_INAS_SIM_STU,0,4,4
UC_FA_FAFSA_QA,USE,UC_INAS_SIM,UC_INAS_SIM_TST,0,4,4
SCC_DA,USE,SCC_DA_ADMIN,SCC_DA_DEL_CONFIRM,0,6,6
SCC_DA,USE,SCC_DA_ADMIN,SCC_DA_RVEW_SUMM,0,6,6
CC_IDENTIFICATION_DATA_STDNT,USE,RESIDENCY_DATA,RESIDENCY_APPEAL,0,6,6
CC_IDENTIFICATION_DATA_STDNT,USE,RESIDENCY_DATA,RESIDENCY_SELF,0,6,6
CC_IDENTIFICATION_DATA_STDNT,USE,RESIDENCY_DATA,RESIDENCY_OFFICIAL_1,0,6,6
CC_IDENTIFICATION_DATA_STDNT,USE,RESIDENCY_DATA,RESIDENCY_OFFICIAL_2,0,6,6
CSU_FINANCIAL_AID,USE,CSU_FA_MCS_OUT,CSU_FA_MCS_OUT,0,6,6
DESIGN_FINANCIAL_AID1,SETUP_F-K,FA_TERM_SETUP,RUN_CNTL_FATRMP,0,6,6
EQTN_TREE_SECURITY,AE_TREE_SEC,EQTN_AEAUTH_NODE,EQTN_AUTH_WORK,0,6,6
EQTN_TREE_SECURITY,AE_TREE_SEC,EQTN_AEAUTH_NODE,EQTN_AEAUTH_NODE,0,6,6
EQTN_TREE_SECURITY,CALLSQL,EQTN_SQAUTH_NODE,EQTN_AUTH_WORK,0,6,6
EQTN_TREE_SECURITY,CALLSQL,EQTN_SQAUTH_NODE,EQTN_SQAUTH_NODE,0,6,6
EQTN_TREE_SECURITY,EXTSUB,EQTN_XTAUTH_NODE,EQTN_AUTH_WORK,0,6,6
EQTN_TREE_SECURITY,EXTSUB,EQTN_XTAUTH_NODE,EQTN_XTAUTH_NODE,0,6,6
EQTN_TREE_SECURITY,ID_TREE_SEC,EQTN_IDAUTH_NODE,EQTN_AUTH_WORK,0,6,6
EQTN_TREE_SECURITY,ID_TREE_SEC,EQTN_IDAUTH_NODE,EQTN_IDAUTH_NODE,0,6,6
EQTN_TREE_SECURITY,TBLSEC,EQTN_TBAUTH_NODE,EQTN_AUTH_WORK,0,6,6
EQTN_TREE_SECURITY,TBLSEC,EQTN_TBAUTH_NODE,EQTN_TBAUTH_NODE,0,6,6
EXCHANGE_FIN_AID_DATA,USE,SFA_PF_SUSP_CNTRL,SFA_PF_SUSP_CNTRL,0,6,6
MANAGE_NEED_ANALYSIS,USE,TERM_BUDGET_MAINTENANCE,COST_OF_ATTENDANCE,0,6,6
MANAGE_NEED_ANALYSIS,USE,TERM_BUDGET_MAINTENANCE,STDNT_TERM_BGT_WRK,0,6,6
PROCESS_LOANS,USE,SFA_CRC_CERT_RQ,SFA_CRC_CERT_RQ,0,6,6
PROCESS_LOANS,USE,SFA_LN_CNSL_SUMM,SFA_ENTRANCE_SUMM,0,6,6
PROCESS_LOANS,USE,SFA_LN_CNSL_SUMM,SFA_EXIT_SUMMARY,0,6,6
TRACK_STUDENT_CAREERS,USE,STUDENT_GROUPS,STUDENT_GROUPS,0,6,6
UC_PERSON_PROFILE,USE,UC_STDNT_HOUSE_OPT,UC_STDNT_HOUSE_OPT,0,6,6
EXCHANGE_FIN_AID_DATA,USE,NEED_SUSP_CNTRL_09,PROF_SUSP_CNTRL_06,0,6,6
EXCHANGE_FIN_AID_DATA,USE,NEED_SUSP_CNTRL_10,PROF_SUSP_CNTRL_10,0,6,6
EXCHANGE_FIN_AID_DATA,USE,PROF_SUSP_CNTRL_10,PROF_SUSP_CNTRL_10,0,6,6
PROCESS_LOANS,MENUITEM9,DL_CHSSUM_INBND_16,DL_HDR_DLSAS_16,0,6,6
PROCESS_LOANS,MENUITEM9,DL_CHSSUM_INBND_16,DL_DLSAS_CSHSUM_16,0,6,6
PROCESS_LOANS,MENUITEM9,DL_CHSSUM_INBND_16,DL_DLSAS_DISSUM_16,0,6,6
PROCESS_LOANS,MENUITEM9,DL_CHSSUM_INBND_16,DL_DLSAS_LNLVL_16,0,6,6
PROCESS_LOANS,MENUITEM9,DL_CHSSUM_INBND_16,DL_TRL_DLSAS_16,0,6,6
PROCESS_LOANS,MENUITEM9,DL_CHSSUM_INBND_16,DL_DLSAS_CSHDTL_16,0,6,6
PROCESS_LOANS,MENUITEM9,DL_CHSSUM_INBND_16,DL_DLSAS_LNDAL_16,0,6,6
PROCESS_LOANS,MENUITEM9,DL_CHSSUM_INBND_16,DL_DLSAS_DEMAND_16,0,6,6
SFA_SAP_FINANCIAL_AID,USE,SFA_SAP_STDNT_RPT,SFA_SAP_STDNT_RPT,0,6,6
CSU_FINANCIAL_AID,USE,CSU_CGI_CORR_24,CSU_CGI_CS2_15,0,8,8
CSU_FINANCIAL_AID,USE,CSU_CGI_CORR_24,CSU_CGI_CS3_13,0,8,8
CSU_FINANCIAL_AID,USE,CSU_CGI_CORR_24,CSU_CGI_CS4_24,0,8,8
CSU_FINANCIAL_AID,USE,CSU_CGI_CORR_24,CSU_CGI_CS1_24,0,8,8
CSU_FINANCIAL_AID,USE,CSU_CG_RECN_DTL,CSU_CG_RECN_DTL,0,8,8
CSU_FINANCIAL_AID,USE,CSU_MCS_R_OUT,CSU_MCS_R_OUT,0,8,8
CSU_FINANCIAL_AID,USE,CSU_CGI_CORR_16,CSU_CGI_CS2_15,0,8,8
CSU_FINANCIAL_AID,USE,CSU_CGI_CORR_16,CSU_CGI_CS3_13,0,8,8
CSU_FINANCIAL_AID,USE,CSU_CGI_CORR_16,CSU_CGI_CS4_16,0,8,8
CSU_FINANCIAL_AID,USE,CSU_CGI_CORR_16,CSU_CGI_CS1_16,0,8,8
CSU_FINANCIAL_AID,USE,CSU_CGI_CORR_17,CSU_CGI_CS2_15,0,8,8
CSU_FINANCIAL_AID,USE,CSU_CGI_CORR_17,CSU_CGI_CS3_13,0,8,8
CSU_FINANCIAL_AID,USE,CSU_CGI_CORR_17,CSU_CGI_CS4_17,0,8,8
CSU_FINANCIAL_AID,USE,CSU_CGI_CORR_17,CSU_CGI_CS1_17,0,8,8
CSU_FINANCIAL_AID,USE,CSU_CGI_CORR_18,CSU_CGI_CS2_15,0,8,8
CSU_FINANCIAL_AID,USE,CSU_CGI_CORR_18,CSU_CGI_CS3_13,0,8,8
CSU_FINANCIAL_AID,USE,CSU_CGI_CORR_18,CSU_CGI_CS4_18,0,8,8
CSU_FINANCIAL_AID,USE,CSU_CGI_CORR_18,CSU_CGI_CS1_18,0,8,8
CSU_FINANCIAL_AID,USE,CSU_CGI_DELETE,CSU_CGI_DELETE,0,8,8
CSU_FINANCIAL_AID,USE,CSU_CGI_CORR_25,CSU_CGI_CS4_25,0,8,8
CSU_FINANCIAL_AID,USE,CSU_CGI_CORR_25,CSU_CGI_CS6_25,0,8,8
CSU_FINANCIAL_AID,USE,CSU_CGI_CORR_25,CSU_CGI_CS3_25,0,8,8
CSU_FINANCIAL_AID,USE,CSU_CGI_CORR_25,CSU_CGI_CS5_25,0,8,8
CSU_FINANCIAL_AID,USE,CSU_CGI_CORR_25,CSU_CGI_CS1_25,0,8,8
CSU_FINANCIAL_AID,USE,CSU_CGI_CORR_25,CSU_CGI_CS2_25,0,8,8
CSU_FINANCIAL_AID,USE,CSU_CGI_CORR_23,CSU_CGI_CS2_15,0,8,8
CSU_FINANCIAL_AID,USE,CSU_CGI_CORR_23,CSU_CGI_CS3_13,0,8,8
CSU_FINANCIAL_AID,USE,CSU_CGI_CORR_23,CSU_CGI_CS4_23,0,8,8
CSU_FINANCIAL_AID,USE,CSU_CGI_CORR_23,CSU_CGI_CS1_23,0,8,8
CSU_FINANCIAL_AID,USE,CSU_CGI_CORR_19,CSU_CGI_CS2_15,0,8,8
CSU_FINANCIAL_AID,USE,CSU_CGI_CORR_19,CSU_CGI_CS3_13,0,8,8
CSU_FINANCIAL_AID,USE,CSU_CGI_CORR_19,CSU_CGI_CS4_19,0,8,8
CSU_FINANCIAL_AID,USE,CSU_CGI_CORR_19,CSU_CGI_CS1_19,0,8,8
DESIGN_FINANCIAL_AID1,SETUP_C-E,CAREER_TYPE,CAREER_TYPE,0,8,8
EXCHANGE_FIN_AID_DATA,USE,ISIR_DELETE_PG,ISIR_DELETE,0,8,8
EXCHANGE_FIN_AID_DATA,USE,ISIR_DELETE_PG,NSLDS_DELETE,0,8,8
FINANCIAL_AID_HISTORY,MENUITEM1,ISIR_CORRPIA17,ISIR_PIA_CS2_17,0,8,8
FINANCIAL_AID_HISTORY,MENUITEM1,ISIR_CORRPIA17,ISIR_PIA_CS3_17,0,8,8
FINANCIAL_AID_HISTORY,MENUITEM1,ISIR_CORRPIA17,ISIR_PIA_CS4_17,0,8,8
FINANCIAL_AID_HISTORY,MENUITEM1,ISIR_CORRPIA17,ISIR_PIA_CS1_17,0,8,8
FINANCIAL_AID_HISTORY,MENUITEM1,ISIR_CORRPIA18,ISIR_PIA_CS2_18,0,8,8
FINANCIAL_AID_HISTORY,MENUITEM1,ISIR_CORRPIA18,ISIR_PIA_CS3_18,0,8,8
FINANCIAL_AID_HISTORY,MENUITEM1,ISIR_CORRPIA18,ISIR_PIA_CS4_18,0,8,8
FINANCIAL_AID_HISTORY,MENUITEM1,ISIR_CORRPIA18,ISIR_PIA_CS1_18,0,8,8
MANAGE_NEED_ANALYSIS,USE2,ISIR_CORRPIA23,ISIR_PIA_CS2_23,0,8,8
MANAGE_NEED_ANALYSIS,USE2,ISIR_CORRPIA23,ISIR_PIA_CS3_23,0,8,8
MANAGE_NEED_ANALYSIS,USE2,ISIR_CORRPIA23,ISIR_PIA_CS4_23,0,8,8
MANAGE_NEED_ANALYSIS,USE2,ISIR_CORRPIA23,ISIR_PIA_CS1_23,0,8,8
MANAGE_NEED_ANALYSIS,USE2,ISIR_CORRPIA24,ISIR_PIA_CS2_24,0,8,8
MANAGE_NEED_ANALYSIS,USE2,ISIR_CORRPIA24,ISIR_PIA_CS3_24,0,8,8
MANAGE_NEED_ANALYSIS,USE2,ISIR_CORRPIA24,ISIR_PIA_CS4_24,0,8,8
MANAGE_NEED_ANALYSIS,USE2,ISIR_CORRPIA24,ISIR_PIA_CS1_24,0,8,8
MANAGE_NEED_ANALYSIS,USE2,INAS_SIMULATION,INAS_SIM_CS3,0,8,8
MANAGE_NEED_ANALYSIS,USE2,INAS_SIMULATION,INAS_SIM_CS4,0,8,8
MANAGE_NEED_ANALYSIS,USE2,INAS_SIMULATION,INAS_SIM_CS6,0,8,8
MANAGE_NEED_ANALYSIS,USE2,INAS_SIMULATION,INAS_SIM_CS2,0,8,8
MANAGE_NEED_ANALYSIS,USE2,INAS_SIMULATION,INAS_SIM_CS1,0,8,8
MANAGE_NEED_ANALYSIS,USE2,INAS_SIMULATION,INAS_SIM_CS5,0,8,8
MANAGE_NEED_ANALYSIS,USE2,ISIR_CORRPIA,ISIR_PIA_CS3,0,8,8
MANAGE_NEED_ANALYSIS,USE2,ISIR_CORRPIA,ISIR_PIA_CS4,0,8,8
MANAGE_NEED_ANALYSIS,USE2,ISIR_CORRPIA,ISIR_PIA_CS6,0,8,8
MANAGE_NEED_ANALYSIS,USE2,ISIR_CORRPIA,ISIR_PIA_CS2,0,8,8
MANAGE_NEED_ANALYSIS,USE2,ISIR_CORRPIA,ISIR_PIA_CS1,0,8,8
MANAGE_NEED_ANALYSIS,USE2,ISIR_CORRPIA,ISIR_PIA_CS5,0,8,8
UC_FA_RUN_CA_ISIRCP,USE,UC_RUN_FA_CAIRCP,UC_RUN_FA_CAIRCP,0,8,8
UC_FA_RUN_FA_ISIRCP,USE,UC_RUN_FA_ISIRCP,UC_RUN_FA_ISIRCP,0,8,8
CCI_COMMUNICATION_CENTER,SETUP,CCI_COMM_PNL_TBL,CCI_COMM_PNL_TBL,0,2,2
CCI_COMMUNICATION_CENTER,SETUP,CCI_COMM_RSN_TBL,CCI_COMM_RSN_TBL,0,2,2
DESIGN_FINANCIAL_AID2,SETUP R-Z,VERIFICATION_SETUP,SFA_VER_FLD_TS_FED,0,2,2
DESIGN_FINANCIAL_AID2,SETUP R-Z,VERIFICATION_SETUP,SFA_VER_FLD_TS_INS,0,2,2
DESIGN_FINANCIAL_AID2,SETUP R-Z,VERIFICATION_SETUP,VERIF_FLD_TOLS,0,2,2
DESIGN_FINANCIAL_AID2,SETUP R-Z,VERIFICATION_SETUP,SFA_VERIF_MAR_MAPP,0,2,2
DESIGN_FINANCIAL_AID2,SETUP_L-M,SFA_CRC_DEST_PROF,SFA_CRC_DEST_PROF,0,2,2
DESIGN_FINANCIAL_AID2,SETUP_L-M,SFA_CRC_DEST_PROF,SFA_CRC_DEST_PROF2,0,2,2
DESIGN_FINANCIAL_AID2,SETUP_L-M,SFA_CRC_DEST_PROF,SFA_CRC_DEST_EDITS,0,2,2
PROCESS_LOANS,SETUP,LN_CLHR_EQ_NAME,LN_HR_EQ_NAME_PNL,0,2,2
CSU_FINANCIAL_AID,USE,CSU_MCS_PAYMNT_DTL,CSU_MCS_R_VAL_F,0,4,4
CSU_FINANCIAL_AID,USE,CSU_MCS_PAYMNT_DTL,CSU_MCS_PAYMNT_DTL,0,4,4
CSU_FINANCIAL_AID,USE,CSU_MCS_PAYMNT_DTL,CSU_MCS_R_VAL_SP,0,4,4
CSU_FINANCIAL_AID,USE,CSU_MCS_PAYMNT_DTL,CSU_MCS_R_VAL,0,4,4
CSU_FINANCIAL_AID,USE,CSU_MCS_PAYMNT_DTL,CSU_MCS_R_VAL_W,0,4,4
DESIGN_FINANCIAL_AID1,SETUP_C-E,AUTH_CALENDAR,DISB_CALENDER,0,4,4
DESIGN_FINANCIAL_AID1,SETUP_C-E,AUTH_CALENDAR,AUTH_CALENDER,0,4,4
DESIGN_FINANCIAL_AID1,SETUP_C-E,DISB_RULE_GLB,DISB_RULE_GLB,0,4,4
DESIGN_FINANCIAL_AID1,SETUP_C-E,DISB_RULE_GLB,DISB_RULE_GLB_2,0,4,4
DESIGN_FINANCIAL_AID1,SETUP_C-E,DISB_RULE_ITEM,DISB_RULE_ITM3,0,4,4
DESIGN_FINANCIAL_AID1,SETUP_C-E,DISB_RULE_ITEM,DISB_RULE_ITM2,0,4,4
DESIGN_FINANCIAL_AID1,SETUP_C-E,DISB_RULE_ITEM,DISB_RULE_ITM1,0,4,4
APPLY_FOR_FINANCIAL_AID,USE,FINANCIAL_AID_TERM,FINANCIAL AID INFORMATION,0,6,6
APPLY_FOR_FINANCIAL_AID,USE,FINANCIAL_AID_TERM,STDNT_FA_REC,0,6,6
APPLY_FOR_FINANCIAL_AID,USE,FINANCIAL_AID_TERM,WITHDRAW,0,6,6
APPLY_FOR_FINANCIAL_AID,USE,FINANCIAL_AID_TERM,STATISTICS,0,6,6
APPLY_FOR_FINANCIAL_AID,USE,FINANCIAL_AID_TERM,FINANCIAL_AID_TERM,0,6,6
APPLY_FOR_FINANCIAL_AID,USE,FINANCIAL_AID_TERM,ACADEMIC_LEVEL,0,6,6
CC_IDENTIFICATION_DATA_STDNT,USE,VISA_PERMIT_DATA,SEV_POE_DATA,0,6,6
CC_IDENTIFICATION_DATA_STDNT,USE,VISA_PERMIT_DATA,SCC_VISA_PERMIT,0,6,6
CSU_FINANCIAL_AID,USE,CSU_FA_MCS_E_STG,CSU_FA_MCS_E_STG2,0,6,6
CSU_FINANCIAL_AID,USE,CSU_FA_MCS_E_STG,CSU_FA_MCS_E_STG,0,6,6
DESIGN_FINANCIAL_AID1,SETUP_A-B,BUDGET_ASGN_RUNCTL,BUDGET_ASGN_RUNCTL,0,6,6
DESIGN_FINANCIAL_AID1,SETUP_A-B,BUDGET_TREE_ADDR_USG,FA_ADDR_USAGE,0,6,6
DESIGN_FINANCIAL_AID2,SETUP_N-P,PACKAGE_RATING_COMPS,PKG_RTNGCMP_TABLE1,0,6,6
DESIGN_FINANCIAL_AID2,SETUP_N-P,PACKAGE_RATING_COMPS,PKG_RTNGCMP_TABLE2,0,6,6
SFA_SAP_FINANCIAL_AID,SETUP,SFA_SAP_SETUP,SFA_SAP_CMK_TBL,0,6,6
SFA_SAP_FINANCIAL_AID,SETUP,SFA_SAP_SETUP,SFA_SAP_GRADEBS_EX,0,6,6
SFA_SAP_FINANCIAL_AID,SETUP,SFA_SAP_SETUP,SFA_SAP_STATUS_TBL,0,6,6
SFA_SAP_FINANCIAL_AID,SETUP,SFA_SAP_SETUP,SFA_SAP_ACADST_TBL,0,6,6
SFA_SAP_FINANCIAL_AID,SETUP,SFA_SAP_SETUP,SFA_SAP_ACADST_TB2,0,6,6
SFA_SAP_FINANCIAL_AID,USE,SFA_SAP_STDNT,SFA_SAP_STDNT4,0,6,6
SFA_SAP_FINANCIAL_AID,USE,SFA_SAP_STDNT,SFA_SAP_STDNT2,0,6,6
SFA_SAP_FINANCIAL_AID,USE,SFA_SAP_STDNT,SFA_SAP_STDNT,0,6,6
SFA_SAP_FINANCIAL_AID,USE,SFA_SAP_STDNT,SFA_SAP_STDNT3,0,6,6
UC_CC_CKMGT_TBL,USE,UC_CC_CKMGT_TBL,UC_CC_CKMGTADM,0,6,6
UC_CC_CKMGT_TBL,USE,UC_CC_CKMGT_TBL,UC_CC_CKMGTFINA,0,6,6
UC_CC_CKMGT_TBL,USE,UC_CC_CKMGT_TBL,UC_CC_CKMGT_TBL,0,6,6
UC_FA_CA_TBL,SETUP,UC_FA_CA_3TBL,UC_FA_CA_TBL,0,6,6
UC_FA_EA_TBL,SETUP,UC_FA_EA_TBL,UC_FA_EA_TBL,0,6,6
UC_FA_LOANS_TBL,SETUP,UC_FA_LOANS_TBL,UC_FA_LOANS_TBL,0,6,6
UC_FA_SSDEF_TBL,SETUP,UC_FA_SSDEF_TBL,UC_FA_SSDEF_TBL,0,6,6
UC_FA_SS_ADMIN,INQUIRE,UC_FA_SS_RESPONSES,UC_FA_T_C_RSP,0,6,6
UC_FA_SS_ADMIN,INQUIRE,UC_FA_SS_RESPONSES,UC_FA_TITL4_RSP,0,6,6
UC_PERSON_PROFILE,USE,UC_FAMILY_MEMBERS,UC_FA_FAMMBRS_ADM,0,6,6
CCI_COMMUNICATION_CENTER,SETUP,CCI_COMM_NTF_GRP,CCI_COMM_NTF_GRP,0,6,6
CCI_COMMUNICATION_CENTER,SETUP,CCI_COMM_SETUP,CCI_COMM_SETUP,0,6,6
CCI_COMMUNICATION_CENTER,SETUP,CCI_COMM_SETUP,CCI_COMM_SETUP_COMP,0,6,6
CSU_FINANCIAL_AID,USE,CSU_CG_CUSTOM_1,CSU_CG_CUSTM_DTL,0,6,6
CSU_FINANCIAL_AID,MENUITEM3,CSU_CGI_LOAD_OPT,CSU_CGI_LOAD_OPT_2,0,6,6
CSU_FINANCIAL_AID,MENUITEM3,CSU_CGI_LOAD_OPT,CSU_CGI_LD_SRCHMCH,0,6,6
DESIGN_FINANCIAL_AID1,SETUP_A-B,AGGREGATE_AID_LIMITS,AGGR_AID_TBL,0,6,6
DESIGN_FINANCIAL_AID1,SETUP_A-B,BDGT_REGION_TABLE,BDGT_REGION_TABLE,0,6,6
DESIGN_FINANCIAL_AID1,SETUP_A-B,BUDGET_ASSIGNMENT,ASSIGN_CAREER,0,6,6
DESIGN_FINANCIAL_AID1,SETUP_A-B,BUDGET_ASSIGNMENT,ASSIGN_BUDGET_CATEGORY,0,6,6
DESIGN_FINANCIAL_AID1,SETUP_A-B,BUDGET_FORMULA,BUDGET_FORMULA,0,6,6
DESIGN_FINANCIAL_AID1,SETUP_A-B,BUDGET_FORMULA,BUDGET_FORMULA_GRP,0,6,6
DESIGN_FINANCIAL_AID1,SETUP_A-B,BUDGET_TREE,BUDGET_TREE,0,6,6
DESIGN_FINANCIAL_AID1,SETUP_A-B,FA_APP_SOURCE_RANK,FA_APP_SOURCE_RANK,0,6,6
DESIGN_FINANCIAL_AID1,SETUP_C-E,EARLY_FIN_AID_CATEGORIES,EARLY_FIN_AID_CATEGORIES,0,6,6
DESIGN_FINANCIAL_AID1,SETUP_C-E,EQTN_DATA_TBL,EQTN_DATA_TBL,0,6,6
DESIGN_FINANCIAL_AID1,SETUP_C-E,EQTN_EXTERN_TBL,EQTN_EXTERN_TBL,0,6,6
DESIGN_FINANCIAL_AID1,SETUP_C-E,EQTN_SQL_TBL,EQTN_SQL_TBL,0,6,6
DESIGN_FINANCIAL_AID1,SETUP_C-E,EQUATION_EDITOR,EQUATION_EDITOR,0,6,6
DESIGN_FINANCIAL_AID1,SETUP_F-K,FINANCIAL_AID_ITEM_TYPES,ITEM_TYPE_FA_1,0,6,6
DESIGN_FINANCIAL_AID1,SETUP_F-K,FINANCIAL_AID_ITEM_TYPES,ITEM_TYPE_FA_6,0,6,6
DESIGN_FINANCIAL_AID1,SETUP_F-K,FINANCIAL_AID_ITEM_TYPES,ITEM_TYPE_FA_3,0,6,6
DESIGN_FINANCIAL_AID1,SETUP_F-K,FINANCIAL_AID_ITEM_TYPES,ITEM_TYPE_FA_4,0,6,6
DESIGN_FINANCIAL_AID1,SETUP_F-K,FINANCIAL_AID_ITEM_TYPES,ITEM_TYPE_FA_5,0,6,6
DESIGN_FINANCIAL_AID1,SETUP_F-K,FINANCIAL_AID_ITEM_TYPES,ITEM_TYP_FA_LN_FEE,0,6,6
DESIGN_FINANCIAL_AID2,SETUP_L-M,LOAN_FEES,LOAN_FEE_TABLE,0,6,6
DESIGN_FINANCIAL_AID2,SETUP_N-P,EQUITY_ITEM_TYPES,PKG_EQUITY_GROUP,0,6,6
DESIGN_FINANCIAL_AID2,SETUP_N-P,PACKAGE_PLAN_TABL,PACKAGE_PLAN_TABLE,0,6,6
DESIGN_FINANCIAL_AID2,SETUP_N-P,PACKAGE_PLAN_TABL,PACKAGE_PLAN_LMT2,0,6,6
DESIGN_FINANCIAL_AID2,SETUP_N-P,PACKAGE_PLAN_TABL,PACKAGE_PLAN_LIMIT,0,6,6
DESIGN_FINANCIAL_AID2,SETUP_N-P,PACKAGE_PLAN_TABL,PACKAGE_RULE_TABLE,0,6,6
DESIGN_FINANCIAL_AID2,SETUP_N-P,PACKAGE_PLAN_TABL,PACKAGE_RULE_DISB,0,6,6
DESIGN_FINANCIAL_AID2,SETUP_N-P,PACKAGE_PLAN_TABL,PACKAGE_PLAN_TARGT,0,6,6
DESIGN_FINANCIAL_AID2,SETUP_N-P,PACKAGE_PLAN_TABL,PKG_PLAN_INST_TRGT,0,6,6
DESIGN_FINANCIAL_AID2,SETUP_N-P,PKG_REL_ITEM_GROUP,PKG_REL_ITEM_GROUP,0,6,6
DESIGN_FINANCIAL_AID2,SETUP R-Z,SFA_RPKG_PLAN_TBL,SFA_RPKG_PLAN_TBL,0,6,6
EXCHANGE_FIN_AID_DATA,SETUP,ISIR_DATA_LOAD_PARMS,ISIR_INST_CONTROL,0,6,6
EXCHANGE_FIN_AID_DATA,SETUP,ISIR_DATA_LOAD_PARMS,ISIR_INST_CONTROL2,0,6,6
EXCHANGE_FIN_AID_DATA,SETUP,ISIR_DATA_LOAD_PARMS,ISIR_INST_CONTROL3,0,6,6
EXCHANGE_FIN_AID_DATA,SETUP,ISIR_DATA_LOAD_PARMS,ISIR_INST_SRCHMCH,0,6,6
EXCHANGE_FIN_AID_DATA,SETUP,SFA_NSLDS_LD_CNTRL,SFA_NSLDS_LD_CNTRL,0,6,6
EXCHANGE_FIN_AID_DATA,SETUP,SFA_NSLDS_LD_CNTRL,SFA_NSLDS_SRCHMCH,0,6,6
EXCHANGE_FIN_AID_DATA,SETUP,PROFILE_DATA_LOAD_PARMS,INST_LOAD_CNTRL,0,6,6
PROCESS_LOANS,SETUP,LOAN_RPT_DEFS,LN_RPT_DEFN,0,6,6
PROCESS_LOANS,SETUP,LOAN_RPT_PKGS02,LN_RPT_PCKG02,0,6,6
PROCESS_LOANS,SETUP,SFA_PERK_MPN_SETUP,SFA_PERK_MPN_SETUP,0,6,6
